ID;Provincia;Nombre_y_Apellido;Domicilio;Telefono;Edad;Localidad;X;Y;col10
2673;Córdoba;LUISA JACQUELINE RODRIGUEZ;CALLE PUBLICA S/NÂº  CNO.PAJAS BLANCAS KM.22 P/RIO CEBALLOS;;39;PAJAS BLANCAS;-64,27472312;-31,21598674;
2674;;ALFREDO ALBERTO RUIZ;CALLE PUBLICA S/NÂº  LA PUERTA P/RUTA PROV.74A;15647073;54;;-64,06718896;-31,16495027;
2675;Córdoba;FLAVIO DIAZ;CALLE PUBLICA S/NÂº  EL ALGODONAL P/AGUA DE ORO;493844;39;AGUA DE ORO;-64,31021262;-31,06210188;
2676;Córdoba;WALTER RUIZ;CALLE PUBLICA S/NÂº  RUTA A 74 KM 27;4902949;15;COLONIA TIROLESA;-64,06759299;-31,22827701;
2677;Córdoba;MARCELA ROGALO;CALLE PUBLICA   CNO. CHACRA DE LA MERCED - KM.18;4918549DIR;46;VILLA CORAZON DE MARIA;-63,9973238;-31,44517527;
2678;Córdoba;MARÍA MAGDALENA SÁENZ DE ZUMARÁN;SOTO 919 ACOSTA;4348843;18;CORDOBA;-64,12537117;-31,42173926;
2679;Córdoba;MARIELLA SAETTONE;CERRITO S/N? CENTRO SALSIPUEDES;492379;37;SALSIPUEDES;-64,288231;-31,13785399;
2680;Córdoba;ALFREDO SALARI;RAIMUNDO CAPARROZ 7309 ARGUELLO BÂ° ARGUELLO;429889;17;CORDOBA;-64,2584271;-31,33563903;
2681;Córdoba;DIANA RITA SALVO;ANA MARIA JANER 1551 PUEYRREDON BÂ° PUEYRREDON;4339189;58;CORDOBA;-64,16588209;-31,39843797;
2682;Córdoba;WASHINGTON JORGE SALVO;J. M. GALAN 660 SAN MARTIN;4336203;24;CORDOBA;-64,19373249;-31,39118149;
2683;Córdoba;NILZA SALVO;EL DORADO 6052 SACHI;4333321;32;CORDOBA;-64,26331526;-31,45451437;
2684;Entre Ríos;JORGE ANDRES POLGAR;LA INVERNADA;;23;LA INVERNADA;-60,66446267;-32,89486877;
2685;Entre Ríos;RENEE LOURDES PRIMICERI;PARAJE CHARIGÃ?E;;54;CHARIGÊE;-60,61314866;-32,92124226;
2686;Entre Ríos;ANGELICA BETRIZ RAMIREZ;ARROYO CAREAGA Y LAS CAÃ?AS;;34;PRIMERA SECCION DE ISLAS;-60,61138083;-32,63996085;
2687;Entre Ríos;SILVIA RAMON;ARROYO BRASILERO   TERCERA SECCION DE ISLAS;;44;TERCERA SECCION DE ISLAS;-60,48850439;-33,09884372;
2688;Entre Ríos;ANSELMO JUAN RAMOS;ARROYO PIAGGIO;;53;ARROYO PIAGGIO;-60,66867642;-32,70625194;
2689;Mendoza;RICHARD SAUL SANDER;SAN RAMON S/N;4471409;17;EL BORBOLLON (LAS HERAS);-68,749227;-32,777642;
2690;Mendoza;ANDRES EMILIO SANGENIS;REMEDIOS ESCALADA S/N;02623-461550;61;LOS BARRIALES;-68,57225035;-33,09625539;
2691;Mendoza;RICARDO SANTANA;CARRIL URQUIZA    ENTRE BRUNO MORON Y MONTECASEROS;4976500 SEMIP.;42;COQUIMBITO (MAIPU);-68,75464108;-32,95733683;
2692;Mendoza;ANA MARIA SANTESTEVAN;TERRADA S/N   ESQ. ARAOZ - TERRADA S/N;4964490;58;MAYOR DRUMMOND (LUJAN DE CUYO);-68,84868746;-33,00558431;
2693;Mendoza;ELIDA  GERVASIA SANTISTEBAN;VIEYTES    CARRODILLA;153070539 D;53;CARRODILLA (LUJAN DE CUYO);-68,82874069;-32,99537235;
2694;Mendoza;DANIEL SANTISTEBAN;LOS ALAMOS S/NÂº  FINCA EL ARROZ - CARRIL LOS ALAMOSM S/N;156956938;22;FRAY LUIS BELTRAN;-68,62965407;-32,98409969;
2695;Mendoza;BLANCA GRISELDA SANTORO;SAN FRANCISCO DEL MONTE 3150 JESUS NAZARENO;4260942;39;JESUS NAZARENO (GUAYMALLEN);-68,78610347;-32,93089863;
2696;Mendoza;ALEJANDRO SANTOS;JORGE BORGES 749 EMILIO CONI JORGE LUIS BORGES Y CALLE NÂº6;4-884802;62;PERDRIEL;-68,88885203;-33,07535554;
2697;Mendoza;OSCAR SANTOS;JULIO A. ROCA 1717;4-977937;28;COQUIMBITO (MAIPU);-68,75367338;-32,96974154;
2698;Mendoza;MARIA DEL ROSARIO SAPELLI;RUTA PROVINCIAL 50 S/N  RUTA PROVINCIAL 50;4-951004;42;RODEO DEL MEDIO;-68,68835011;-32,98993238;
2699;Mendoza;MARIA ESTHER SAPPIA;ALMIRANTE BROWN 5708;4-510863;58;EL SAUCE (GUAYMALLEN);-68,75060494;-32,86220424;
2700;Mendoza;MERCEDES CRISTINA SARAVIA;CALLEJON PINCOLINI 1600;4-987414;48;VISTALBA (LUJAN DE CUYO);-68,90686218;-33,03658051;
2701;Mendoza;APARICIO SARAVIA;BAJO LAS CUMBRES S/N   FINCA CARTELLONE - BAJO LAS CUMBRES S/N;153845538;53;AGRELO;-68,94446545;-33,12695872;
2702;Mendoza;ROBERTO ANIBAL SARAVIA;AMEGHINO S/N   URUGUAY Y AMEGHINO TRES ESQUINAS;4-880488;55;PERDRIEL;-68,88332927;-33,06654465;
2703;Mendoza;RUBEN DANIEL SARAVIA;PUEBLA S/N;156669886 D;50;EL PASTAL;-68,70210892;-32,76582233;
2704;Mendoza;JUAN GUSTAVO SCHEPS;ALMIRANTE BROWN 2079  VIAMONTE Y CALLEJON MEDRANO;4-964170;22;CHACRAS DE CORIA - INCLUYE EST. PASO DE LOS ANDES;-68,88939224;-33,0051493;
2705;Mendoza;ALICIA SCHIAPPACASSE;VARASCHIN 95 PERDRIEL HISTORICO;4880003;43;PERDRIEL;-68,884835;-33,08034746;
2706;Mendoza;RUBEN OSCAR SCHIAVO;RUTA PROV.33 PACIFICO TITTARELLI   ENTRE RUTA 20 Y CARRIL LOS ALAMOS;5659245;35;FRAY LUIS BELTRAN;-68,56964753;-32,97805422;
2707;Mendoza;OSCAR SCHNYDER;LAMADRID NORTE S/N   ENTRE AVELLANEDA Y RUTA 7;6956895;31;SAN ROQUE;-68,5623729;-33,01184831;
2708;Mendoza;HEBER DARIO SCIRGALEA;GUAYMARE S/N LOTEO DI ROCCO GUAYMARE Y TABALQUE;4-910778;33;COLONIA SEGOVIA;-68,71406001;-32,85379518;
2709;Mendoza;HUMBERTO SCONAMIGLIO;EZEQUIEL TABANERA S/N  COLONIA MOLINA;153841827;60;PEDRO MOLINA (GUAYMALLEN);-68,6913277;-32,85576325;
2710;Mendoza;RUBEN SCOTT;RUTA PROVINCIAL NÂº 20   RUTA PROVINCIAL NÂº 20 Y SAN MARTIN;155381396;36;FRAY LUIS BELTRAN;-68,59445024;-32,92342281;
2711;Mendoza;FERNANDO JACINTO SCRIGNA;RUTA 40 KM 3320;156021077 D;35;EL PASTAL;-68,69430001;-32,74296547;
2712;Mendoza;Gonzales Vila, Uriel I;FRANKLIN VILLANUEVA S/N  FRANKLIN VILLANUEVA S/N , FRENTE AL BARRIO OCTAVIO;4-978288;52;LUZURIAGA (MAIPU);-68,80991579;-32,94962885;
2713;Mendoza;Galvan, Pablo Alejandro;MORENO 831 RIVADAVIA GUEVARA Y MORENO;02623-462131;41;PALMIRA;-68,56339962;-33,06888059;
2714;Mendoza;Diaz, Walter Manuel Antonio;QUINTA SECCION PASO DE LOS ANDES Y MANUEL A.SAEZ;4-201017;32;MENDOZA;-68,85928693;-32,89401476;
2715;Mendoza;Cabezas Bustos, Pablo;PABLO PESCARA S/N   PERON Y MITRE;4-972020;23;MAIPU;-68,78713654;-32,98250621;
2716;Mendoza;Rizzuti, Sergio Gaston;9 DE JULIO Y CHACABUCO;02623 420816;53;SAN MARTIN;-68,4717044;-33,08699193;
2717;Mendoza;ALVARO MARTIN ALZA;JORGE A. CALLE 297 SEXTA SECCION;4-231350;33;MENDOZA;-68,84869852;-32,86854583;
2718;Mendoza;MARCELO AMADO;CALLE 4  MEXICO II MANZANA C - ENTRE NEUQUEN Y SALTA;4-810656;42;COQUIMBITO (MAIPU);-68,76003885;-32,99279659;
2719;Mendoza;JUAN JUSTO AMARO;MARIANO MORENO 611 VILLA DOLORES MARIANO MORENO 611 Y FEDERICO SERPA;4-980621;45;LUJAN DE CUYO;-68,88679845;-33,03408515;
2720;Mendoza;RUBEN WILLIAMS AMATO;ALMIRANTE BROWN 1355 BOMBAL SUR;4242686;32;GODOY CRUZ;-68,84628055;-32,90542062;
2721;Mendoza;MARIA ISABEL ANDREONI;CIUDAD CATAMARCA Y MANUEL A. PEDRAZA;4122329;60;LAS HERAS;-68,83197991;-32,85009977;
2722;Mendoza;SEBASTIAN ANDUJAR;VICTORIA ARISTOBULO DEL VALLE Y BOGADO;4511507;41;ALGARROBAL (LAS HERAS);-68,7692893;-32,83342283;
2723;Mendoza;ANA MONICA ANGELINI;JUAN CORNELIO MOYANO 2685 PELLICIER;4472461;58;EL PLUMERILLO (LAS HERAS);-68,80422587;-32,84368004;
2724;Mendoza;NORA ALICIA ANNUNZIATTO;ZULOAGA  GUEMES ZULOAGA Y YUNES;02623 422755;55;SAN MARTIN;-68,45477837;-33,07162601;
2725;Mendoza;WALDEMAR HEBERT ANNUNZIATTO;9 DE JULIO S/N  ALICIA MOREAU DE JUSTO 9 DE JULIO S/N;4-520647;33;LAS TORTUGAS (GODOY CRUZ);-68,822844;-32,95375934;
2726;Mendoza;MARIA MERCEDES ANTIA;AZOPARDO 76 CENTRO CIVICO;4-220265;38;GODOY CRUZ;-68,84279435;-32,92599224;
2727;Mendoza;ENRIQUE ANDRES ANTIA;FLORES SUR CALLES 5 Y 6;4-294253;24;MENDOZA;-68,87004264;-32,87411921;
2728;Mendoza;FERNANDO ANTIA;PELLEGRINI 671 PRIMERA SECCION;4-258059;43;MENDOZA;-68,84284779;-32,87252209;
2729;Mendoza;OLIVERA ANTONIO;PEHUENCHES  HUARPES II PEHUENCHES S/N;4-395081;26;LAS TORTUGAS (GODOY CRUZ);-68,84003885;-32,95592645;
2730;Mendoza;FREDIS ANTUNEZ;SALTA 1050 VILLA MARINI;4-221044;37;PRESIDENTE SARMIENTO (GODOY CRUZ);-68,85764909;-32,9265983;
2731;Mendoza;MARIO ANZA;MARTINEZ DE ROSAS 2220 SEXTA SECCION;4-232100;43;MENDOZA;-68,85248425;-32,87524159;
2732;Mendoza;PABLO ANZALONE;DR.MORENO 3941 RESGUARDO;4485454;37;PANQUEHUA (LAS HERAS);-68,83823012;-32,8263216;
2733;Mendoza;ROQUE DANIEL ARAMBULA;RUFINO LAYERA S/N  DUMIT RUFINO  y GUTIERREZ S/N;463055;43;SAN ROQUE;-68,58825235;-33,03134418;
2734;Mendoza;DANIEL HUGO ARANCIO;E. PESCARMONA  LAS PARRAS ANCHORENA S/N;4-982876;38;MAYOR DRUMMOND (LUJAN DE CUYO);-68,86602652;-33,02284308;
2735;Mendoza;MARY BEATRIZ ARAUJO;TROPERO SOSA S/N VILLA ITALIA;2623649894;47;SAN MARTIN;-68,45669646;-33,08183214;
2736;Mendoza;LIDIA ARAUJO;CARLOS GARDEL 120 CAVAGNARO;4975013;56;GENERAL GUTIERREZ (MAIPU);-68,79254735;-32,96125873;
2737;Mendoza;MATEO DANIEL ARBULO;CRUCERO GRAL.BELGRANO 33 LA FAVORITA;4-442828;24;MENDOZA;-68,90656105;-32,88988732;
2738;Mendoza;;VELEZ SARFIELD S/N  LA GLORIA VELEZ SARFIELD S/N;4-361778;37;LAS TORTUGAS (GODOY CRUZ);-68,83265084;-32,95862388;
2739;Mendoza;;DERQUI S/N  GENERAL ESPEJO DERQUI Y VICENTE LOPEZ Y PLANES;4-244119;48;GODOY CRUZ;-68,85435284;-32,91677473;
2740;Mendoza;;PERGAMINO 1250 BRASIL VILLA HIPODROMO;4-275084;65;GODOY CRUZ;-68,87989083;-32,91560453;
2741;Mendoza;MARIA ELIDA ARGUELLO;CERRO SIETE COLORES S/N  COVIMET III CERRO SIETE COLORES;4520775;63;LAS TORTUGAS (GODOY CRUZ);-68,8222363;-32,94429696;
2742;Mendoza;MANUEL ERNESTO ARIAS;JUNCAL S/N  PARQUE SUR JUNCAL Y MONTES DE OCA;4-273402;58;GODOY CRUZ;-68,87124404;-32,90997147;
2743;Mendoza;RIVERA ARIAS;SALVADOR CIVIT 999 RUISEÃ?OR;4-350850;34;PRESIDENTE SARMIENTO (GODOY CRUZ);-68,86648032;-32,93252972;
2744;Mendoza;RICARDO ARIGON;LA FAVORITA ACCESO 1;;33;MENDOZA;-68,8437546;-32,87583724;
2745;Mendoza;RODRIGO MIGUEL ARIM;LUZURIAGA 260 CAPITAL;4-284304;46;MENDOZA;-68,8565173;-32,90052591;
2746;Mendoza;JUAN CARLOS ARISMENDES;ALBERDI 445 CUARTA SECCION;4-233546;65;MENDOZA;-68,83078521;-32,88029355;
2747;Mendoza;CARLOS DOMINGO ARISMENDI;COVIMET IV ADOLFO CALLE Y ALBERTI;4-263677;22;RODEO DE LA CRUZ (GUAYMALLEN);-68,79197115;-32,88465739;
2748;Mendoza;JOSE ANDRES AROCENA;26 DE ENERO SUCRE S/N;4470381;53;EL RESGUARDO (LAS HERAS);-68,8221028;-32,83024157;
2749;Mendoza;RODRIGO AROCENA;PASEO LIBERTAD 939;4216033;32;VILLA NUEVA (GUAYMALLEN);-68,78757009;-32,89917607;
2750;Mendoza;OSCAR ARRAMBIDE;ESTACION ESPEJO RAFAEL OBLIGADO S/N;4486006;36;EL RESGUARDO (LAS HERAS);-68,8191346;-32,82009123;
2751;Mendoza;ROQUE EDISON ARREGUI;LA COLONIA DEFENSA;02623-421454;21;LA COLONIA;-33,10088335;-68,48038598;
2752;Mendoza;JOSE PABLO ARROYAL;JUJUY 260 TROPERO SOSA;4-813611;29;COQUIMBITO (MAIPU);-68,76428238;-32,99163834;
2753;Mendoza;SILVIA ARROYO;JARDIN AEROPARQUE ACONCAGUA Y LAS TORCAZAS;4448555;20;EL CHALLAO (LAS HERAS);-68,86810733;-32,86102088;
2754;Mendoza;SERGIO ARTAZU;SARGENTO CABRAL CALLES 6-10-11;4443522;47;EL CHALLAO (LAS HERAS);-68,86097724;-32,86019679;
2755;Mendoza;JULIO CESAR ARTIGAS;CENTENARIO BREYER S/N;02623-424325;60;SAN MARTIN;-68,45787732;-33,09398644;
2756;Mendoza;ENRIQUE ARTOLA;LAVALLE 422 CORDOBA;2623429469;42;SAN MARTIN;-68,4780606;-33,08382221;
2757;Mendoza;DIEGO ASTIAZARAN;SAN LORENZO 758 TERCERA SECCION;4-259620;17;MENDOZA;-68,85018385;-32,89213895;
2758;Mendoza;OLDEMAR JACINTO AVERO;BARRIO AMUPPOL M C C7  AMUPPOL-MC-C7 DETRAS DE LA ESCUELA;02623-15315691;42;SAN MARTIN;-68,45715113;-33,07951403;
2759;Mendoza;BEATRIZ MARIA AZAMBUJA;BONIL PAUL HARRIS Y SGTO.CABRAL;4487615;47;LAS HERAS;-68,83541229;-32,84225332;
2760;Mendoza;TERESITA AZAMBUYA;PASO DE LOS ANDES 319;4-982495;42;LUJAN DE CUYO;-68,87526375;-33,03918628;
2761;Mendoza;PABLO EDUARDO AZCUE;RIO ALUMINE 5732 PATRON SANTIAGO;4-210121;53;CAPILLA DEL ROSARIO (GUAYMALLEN);-68,7573821;-32,89820413;
2762;Mendoza;KARINA AZURIZ;TIERRA DEL FUEGO 8220 E.P.A;4-362720;26;CARRODILLA (LUJAN DE CUYO);-68,8469939;-32,9618929;
2763;Mendoza;GONZALO BALSEIRO;25 DE MAYO 149;02623-421252;56;SAN MARTIN;-68,4753206;-33,09297612;
2764;Mendoza;EDUARDO IGNACIO BANDEIRA;CALLE 6  LOS EUCALIPTOS;02623-424074;35;SAN MARTIN;-68,52044159;-33,07476532;
2765;Mendoza;MARIO ISIDRO BANDERA;SOLARES DEL NORTE IRIGOYEN ENTRE CALLE 5 Y 10 MANZANA K;;42;VILLA TULUMAYA;-68,60489066;-32,8270321;
2766;Mendoza;HECTOR CARLOS BAPTISTA;SAN MARTIN ESQUINA VILLAVICENCIO - POTRERILLOS S/N;4-444808;41;MENDOZA;-68,86260438;-32,86553888;
2767;Mendoza;GUSTAVO ADOLFO BAPTISTA;AVELLANEDA 3088;4-263528;15;BERMEJO: BARRIOS SANTAROSA Y JARDIN EL SAUCE (GUAYM;-68,78418169;-32,90600748;
2768;Mendoza;MARIO  GUIDO BARITE;OCEANÃ?A  EL CARDENAL OCEANIA S/N;4-226007;37;PRESIDENTE SARMIENTO (GODOY CRUZ);-68,86571204;-32,93533237;
2769;Mendoza;WILSON RAMON BARITE;OLASCOAGA 487;4-453705;25;SAN JOSE (GUAYMALLEN);-68,82221913;-32,8889157;
2770;Mendoza;VICTOR BARRAGAN;AVENIDA LOS FRESNOS S/N SEXTA SECCION - CANO LOS FRESNOS Y LOS VISCOS;4-232187;49;MENDOZA;-68,85926235;-32,87084448;
2771;Mendoza;SILVESTRE --- BARREDA;BUENOS AIRES 1000 25 DE SETIEMBRE;4306017;55;CIENAGUITA (LAS HERAS);-68,84692085;-32,84812626;
2772;Mendoza;FABRIELA BARREIRO;ESPEJO PRINGLES Y 3 DE FEBRERO;4470920;62;PANQUEHUA (LAS HERAS);-68,82523867;-32,84064346;
2773;Mendoza;GERMAN BARREIRO;JOAQUIN V.GONZALEZ 429 DORREGO;4-311556;31;DORREGO (GUAYMALLEN);-68,82993921;-32,9114804;
2774;Mendoza;ISMAEL RAUL BARREIRO;OLASCOAGA S/N  ANTARTIDA ARGENTINA I OLASCOAGA S/N;4931887;54;LUZURIAGA (MAIPU);-68,80150272;-32,95124323;
2775;Mendoza;RAQUEL AMALIA BARREIRO;ROCA 5117;4212131;63;BUENA NUEVA (GUAYMALLEN);-68,75883038;-32,88217442;
2776;Mendoza;HUMBERTO BARRELLA;MANUEL BRAVO S/N  TRAPICHE;4-392283;38;GOBERNADOR BENEGAS (GODOY CRUZ);-68,85403688;-32,94186752;
2777;Mendoza;VICTOR MARIA BARRENECHEA;LOS LIRIOS S/N HIGUERITA;4-263129;35;SAN FRANCISCO DEL MONTE (GUAYMALLEN);-68,77460719;-32,93400618;
2778;Mendoza;OSCAR GUSTAVO BARRERA;GARIBALDI 76;02623-461299;48;PALMIRA;-68,56261795;-33,05906468;
2779;Mendoza;JUAN CARLOS BARRETO;LOS LIRIOS 999 SOEVA NORTE;4-520677;19;SAN FRANCISCO DEL MONTE (GODOY CRUZ);-68,83117195;-32,93811375;
2780;Mendoza;ARTIGAS ALEXIS BARRIOS;ITALIA 450 VILLA ANITA YRIGOYEN;461448;35;PALMIRA;-68,56029518;-33,06091848;
2781;Mendoza;JORGE OTTO BASSO;SAN MARTIN 6383 MATHEU;4489256;53;EL RESGUARDO (LAS HERAS);-68,82711494;-32,8070919;
2782;Mendoza;HAYDEE EMILIA BASTERRECH;EL HORNERO S/N  MINETTI;4-390708;43;LAS TORTUGAS (GODOY CRUZ);-68,84397876;-32,95353968;
2783;Mendoza;HECTOR BASTON;MITRE 955 TERCERA SECCION;4-296763;44;MENDOZA;-68,84464901;-32,89114578;
2784;Mendoza;FAVIO DANIEL BATISTA;FELIX SUAREZ Y CAPILLA DE NIEVE  NUEVA ESPERANZA VIRGEN DE LAS NIEVES Y FELIX SUAREZ;4-218909;25;BERMEJO: BARRIOS SANTAROSA Y JARDIN EL SAUCE (GUAYM;-68,78346166;-32,87933138;
2785;Mendoza;JULIO JOSE BATTISTONI;ARAUJO 1881 VIAPIANA;4-214304;29;VILLA NUEVA (GUAYMALLEN);-68,66649872;-32,86520185;
2786;Mendoza;EDUARDO BAUBETA;PASO HONDO 1320 SAN PABLO;4372973;54;ALGARROBAL (LAS HERAS);-68,7701548;-32,84107472;
2787;Mendoza;ISABELINO WILSON BAUER;COLON S/NÂº  FINCA GONZALEZ - COLON S/N;5553990;17;PANQUEHUA (LAS HERAS);-68,85113857;-32,83437456;
2788;Mendoza;ROBERTO BENJAMIN BAVOSI;PASO DE LOS ANDES 377 CIUDAD ENTRE BALCARCE Y COLOMBRES;4-984783;59;LUJAN DE CUYO;-68,8759949;-33,03873417;
2789;Mendoza;JOSE ARTURO BAYARDI;5Âº BÂº C.E.C. BERUTTI Y  PROLONGACION BOLAÃ?OS;02623-426493;30;SAN MARTIN;-68,45375482;-33,08823281;
2790;Mendoza;EDITH ELENA BAYGORRIA;FRENCH 149;421662;56;SAN MARTIN;-68,46863842;-33,08561081;
2791;Mendoza;ROBERTO BAZ;CHIMBAS S/N  BÂ° FOECYT II;4-221309;24;PRESIDENTE SARMIENTO (GODOY CRUZ);-68,87251104;-32,93597608;
2792;Mendoza;RONI LUCAS BEJEREZ;PEDRO MOLINA 300 TERCERA SECCION PATRICIAS MENDOCINAS Y PEDRO MOLINA;4-299717;39;MENDOZA;-68,84471648;-32,89658024;
2793;Mendoza;ERNESTO GABRIEL BELTRAME;AV. ESPAÃ?A 2812 CUARTA SECCION;4-305681;58;MENDOZA;-68,83691936;-32,87009065;
2794;Mendoza;FLAVIO GUSTAVO BELTRAN;BARRIO MEBNA MO C25  MEBNA PROLONGACION AV. LIMA HACIA EL OESTE A 800MTS CARRIL MONTECA;44688620;59;SAN MARTIN;-68,4791975;-33,06121436;
2795;Mendoza;GARY ASTUL BENAVIDES;FRANCISCO RAMIREZ 200 VILLA ADELA;02623-465080;56;PALMIRA;-68,55931123;-33,04926438;
2796;Mendoza;MARIA LILIAN BENDAHAN;MUNICIPAL BARILOCHE Y HUARPES;4446578;38;EL CHALLAO (LAS HERAS);-68,86950647;-32,84491358;
2797;Mendoza;ENZO BENECH;MOI S/NÂº LAS TORCACITAS MOI Y CALORI;4-813028;56;MAIPU;-68,78087297;-32,95969921;
2798;Mendoza;ESTELA BENITEZ;JULIO FERNANDEZ PELAEZ 802 CANCILLER;4-975553;52;MAIPU;-68,79551462;-32,9707153;
2799;Mendoza;GLORIA DEL CARMEN BENITEZ;BOULEVARD LOS ZORZALES S/N PARAGUAY;4-512571;29;BUENA NUEVA (GUAYMALLEN);-68,74076749;-32,92427342;
2800;Mendoza;ALVARO BENTANCUR;ESPAÃ?A 850 PALUMBO;4221880;21;GODOY CRUZ;-68,85757568;-32,92812557;
2801;Mendoza;WILSON JESUS BENTANCUR;2Âº BARRIO DE COMERCIO RIO GALLEGOS S/N;4-272663;53;GODOY CRUZ;-68,87359913;-32,91045659;
2802;Mendoza;MARTHA CATALINA BEQUIO;SCHAUMANN 1250 3Âº UNIMEV;4-260408;37;VILLA NUEVA (GUAYMALLEN);-68,77089226;-32,90301837;
2803;Mendoza;GUSTAVO DANIEL BERNINI;A.MU.P.POL II ENTRE SAN ROQUE Y PEDRO VASTA;156956876;63;SAN ROQUE;-68,5623729;-33,01184831;
2804;Mendoza;JIMMY WILSON BERNY;COOPERATIVA BERMEJO 1 ESQUINA CALLE 3;4512255;36;EL SAUCE (GUAYMALLEN);-68,74913031;-32,86278896;
2805;Mendoza;MARIA DEL CARMEN BEROIS;DORREGO 1605 EJERCITO DE LOS ANDES;4311939;29;DORREGO (GUAYMALLEN);-68,82333691;-32,90220862;
2806;Mendoza;MA. DEL ROSARIO BERRO;CRISTO REDENTOR SAN RAFAEL Y MANZOTTI S/N;4379897;23;EL ZAPALLAR (LAS HERAS);-68,81417463;-32,85758147;
2807;Mendoza;ANA MARIA BERTA;CARRIL BARRIALES S/N;4264360;59;PALMIRA;-68,55130274;-33,06519097;
2808;Mendoza;ELIZABETH MARIA BERTASSI;DEL CARMEN SALGUERO Y CABRERA;02623-422251 D;65;SAN MARTIN;-68,50103057;-33,08465707;
2809;Mendoza;ANDRES BERTERRECHE;CABO SAN PIO S/N  PAULO VI;4-521668;31;LAS TORTUGAS (GODOY CRUZ);-68,82633038;-32,95216739;
2810;Mendoza;IGNACIO BERTI;JULIO A.ROCA 343 QUINTA SECCION;4-234368;44;MENDOZA;-68,85484056;-32,88876103;
2811;Mendoza;HEBER ISIDRO BERTO;BANDERA DE LOS ANDES 2224;4-313949;62;NUEVA CIUDAD (GUAYMALLEN);-68,81410972;-32,89417084;
2812;Mendoza;ALEJANDRO MIGUEL BERTON;BELGRANO MARTINO Y CALLE 10 - MANZANA 3;4483341;62;EL RESGUARDO (LAS HERAS);-68,81710755;-32,83123224;
2813;Mendoza;SERGIO LEONEL BERTON;BOLIVIA S/N PEDRO MOLINA BOLIVIA Y CORREA SAA;4-210220;61;GENERAL BELGRANO (GUAYMALLEN);-68,8082848;-32,89620761;
2814;Mendoza;MAURICIO BERTON;CARRIL GODOY CRUZ 660 VILLA VARON;4-455654;53;SAN JOSE (GUAYMALLEN);-68,82384635;-32,89281379;
2815;Mendoza;EDUARDO BERTON;HUNGRIA 999 LAPRIDA;4-282574;17;GODOY CRUZ;-68,85659392;-32,91679295;
2816;Mendoza;INOCENCIO VICTOR BERTONI;LOS MOLUCHES Y HUENTATA  SAN JAVIER;4-217510;63;CAPILLA DEL ROSARIO (GUAYMALLEN);-68,78232094;-32,90694495;
2817;Mendoza;MÓNICA ANABEL BESIO;RIVADAVIA 570;4122915;47;LAS HERAS;-68,84099388;-32,85094004;
2818;Mendoza;PEDRO BESOZZI;SOLARI S/N VILLA GRACIELA NAHUEL HUAPI Y SOLARI;4910044;32;RODEO DE LA CRUZ (GUAYMALLEN);-68,79863119;-32,88453427;
2819;Mendoza;JULIO GUILLERMO BESOZZI;SAN MARTIN 2366  ENTRE ZULUAGA Y SANTA FE;4-980098;54;MAYOR DRUMMOND (LUJAN DE CUYO);-68,87197706;-33,01690844;
2820;Mendoza;LEONARDO JORGE BIANCHI;CAYETANO SILVA 1600 COMERCIO;4-270069;60;GODOY CRUZ;-68,87712969;-32,90797164;
2821;Mendoza;JORGE BIANCHI;LEOPOLDO LUGONES 5832 CAPILLA DEL ROSARIO;4-215026;24;CAPILLA DEL ROSARIO (GUAYMALLEN);-68,75533141;-32,9243073;
2822;Mendoza;ROBERTO RAMON BIANCHI;ADOLFO CALLE 321 LOPEZ RIVAS;4-972155;24;GENERAL GUTIERREZ (MAIPU);-68,78043079;-32,96408878;
2823;Mendoza;JESÚS BICCA;PARANA 344 MEDIA LUNA;4-454554;32;PEDRO MOLINA (GUAYMALLEN);-68,79131082;-32,88180218;
2824;Mendoza;MARÍA CRISTINA BIDEGAIN;JOSE FEDERICO MORENO 2221 CUARTA SECCION;4-231470;23;MENDOZA;-32,87739215;-68,83207848;
2825;Mendoza;PABLO ENIQUE BIDONDO;AMEGHINO 445 CUARTA SECCION;4-303023;56;MENDOZA;-32,86297422;-68,83853887;
2826;Mendoza;PEDRO FELIPE BIELEMBERG1;JUAN JUFRE 3020 CUARTA SECCION;4-303681;45;MENDOZA;-32,8670104;-68,82421367;
2827;Mendoza;MARIA CRISTINA BIELLI;LAMADRID 1034;4-310243;42;DORREGO (GUAYMALLEN);-32,91828685;-68,82577843;
2828;Mendoza;SENOVIO BILLAR;HONDURAS S/N PEDRO MOLINA I GRANADEROS DE SAN MARTIN Y HONDURAS;4-215630;59;GENERAL BELGRANO (GUAYMALLEN);-32,88459052;-68,7917363;
2829;Mendoza;MARCELO BISTOLFI;FRAY LUIS BELTRAN  CHAVARRIA ARISTIDES VILLANUEVA Y FRAY LUIS BELTRAN;4972216;55;GENERAL GUTIERREZ (MAIPU);-32,9589124;-68,77919492;
2830;Mendoza;ANA MARIA BLANCO;AVENIDA DEL LIBERTADOR  SEXTA SECCION ROTONDA PARQUE GRAL. SAN MARTIN S/N;4-233545;34;MENDOZA;-68,87316147;-32,88316305;
2831;Mendoza;HÉCTOR EDUARDO BONILLA;EL TUCUMANO 3091 FERROVIARIO;4-978080;41;LUZURIAGA (MAIPU);-68,80168283;-32,94541076;
2832;Mendoza;ALBA ESMERALDA BONINO;QUINTA SECCION PARQUE GRAL SAN MARTIN - AV.CIRCUNV.ARQ.CARLOS THAYS S/N;4255627;36;MENDOZA;-68,87422996;-32,88665168;
2833;Mendoza;JULIO CESAR BONINO;MARTINEZ DE ROSAS 1457 QUINTA SECCION;4255236;40;MENDOZA;-68,85442765;-32,88436955;
2834;Mendoza;ALEXIS ARISTIDES BONNAHON;JUAN JUFRE 3088 CUARTA SECCION;4-306837;30;MENDOZA;-68,82438354;-32,86807284;
2835;Mendoza;MARIA CLAUDIA BONNECARRERE;LAS HERAS 1717;4-454991;65;PEDRO MOLINA (GUAYMALLEN);-68,81399948;-32,87924693;
2836;Mendoza;MARCEL DAVID BONNET;SOBREMONTE 81 QUINTA SECCION BELGRANO Y SOBREMONTE;4-231727;19;MENDOZA;-68,85332295;-32,89587895;
2837;Mendoza;EDISON EDUARDO BONOMI;AZUL S/N  CHILE I AZUL Y CABO SAN ANTONIO;4-526152;36;LAS TORTUGAS (GODOY CRUZ);-68,82299557;-32,9500785;
2838;Mendoza;EDUARDO NICASIO BORGES;BOLIVIA  MAURICIO BOLIVIA Y MEXICO;4-361841;58;CARRODILLA (LUJAN DE CUYO);-68,85204332;-32,96328788;
2839;Mendoza;MARIO SANTIAGO BORGNO;JUAN B. JUSTO  FRAY LUIS BELTRAN JUAN B. JUSTO Y ESPAÃ?A;4-921120;15;FRAY LUIS BELTRAN;-68,65055377;-33,00754185;
2840;Mendoza;FERNANDO BORIO;JOSE MANUEL ESTRADA  BRANDI ESTRADA Y RAMON GIL S/N;4977021;37;MAIPU;-68,78509031;-32,99199266;
2841;Mendoza;DANIEL JOSE BORRELLI;DR. MUÃ?IZ 751 BATALLA DEL PILAR;4-524140;26;SAN FRANCISCO DEL MONTE (GODOY CRUZ);-68,83490052;-32,93203086;
2842;Mendoza;LUIS SERGIO BOTANA;CONQUISTA DEL DESIERTO 2000 SAN EDUARDO;4-931289;54;LUZURIAGA (MAIPU);-68,79837805;-32,93795832;
2843;Mendoza;ADRIANA NOEL BRESCIA;SARMIENTO  BELGRANO SARMIENTO Y CORREA SAA;4456074 Dir;27;GENERAL BELGRANO (GUAYMALLEN);-68,82031613;-32,90098477;
2844;Mendoza;CESAR ALFREDO BRIOZZO;SAN MARTIN 6017 CARBOMETAL;4-964169;59;CARRODILLA (LUJAN DE CUYO);-68,85930945;-32,98223051;
2845;Mendoza;ABILIO HUGO BRIZ;LAS TIPAS S/N;4271715;49;GODOY CRUZ;-68,86548642;-32,90941089;
2846;Mendoza;JORGE EMILIO BROGGINI;2Â°BÂº BELGRANO EVA PERON Y CADETES AERONAUTICOS;02623-464170;54;PALMIRA;-68,55029597;-33,05735455;
2847;Mendoza;ANDREA BRUGMAN;GRAN CAPITAN VELA S/N;02623-425572;58;LA COLONIA;-68,47096077;-33,10466457;
2848;Mendoza;ANITA MARIA CABALLERO;PEDRO VARGAS  UNIMEV BERNARDO HOUSSAY Y VARGAS;4262606;63;VILLA NUEVA (GUAYMALLEN);-68,79523316;-32,90718329;
2849;Mendoza;ALCIDES CABALLERO;GABOTO S/NÂº LOS VENTISQUEROS SEBASTIAN GABOTO S/N;4361497;26;CARRODILLA (LUJAN DE CUYO);-68,84914077;-32,97259941;
2850;Mendoza;LUIS FERNANDO CABEZUDO;LAGO HERMOSO 1120 FUCHS;4-391517;26;GOBERNADOR BENEGAS (GODOY CRUZ);-68,85858462;-32,94763298;
2851;Mendoza;MARIA GREGORIA CABRAL;INDEPENDENCIA 100 SAN FRANCISCO DEL MONTE;4326273;37;SAN FRANCISCO DEL MONTE (GUAYMALLEN);-68,76990271;-32,89996897;
2852;Mendoza;WILITON CABRAL;CUYUN MANZANA 1  DOLORES PRATS DE HUISI;2613841405;43;PRESIDENTE SARMIENTO (GODOY CRUZ);-68,87385732;-32,9486127;
2853;Mendoza;JULIO ROBERTO CABRAL;SAN JUAN 417 SEGUNDA SECCION;4-237655;37;MENDOZA;-68,83921672;-32,8986189;
2854;Mendoza;MARCELO DANIEL CABRAL;LAGUNA DE GUANACACHE 1570 OBRAS SANITARIAS;4395116;40;GOBERNADOR BENEGAS (GODOY CRUZ);-68,86420242;-32,94840833;
2855;Mendoza;ADOLFO AURELIANO CABRAL;VANDOR EINSTEIN Y NOGALI;4-273674;24;PRESIDENTE SARMIENTO (GODOY CRUZ);-68,88190856;-32,91403987;
2856;Mendoza;ARIBEL ENRIQUE CABRAL;SILVANO RODRIGUEZ Y SANTIAGO ARAUJO;4-261487;36;VILLA NUEVA (GUAYMALLEN);-68,80026915;-32,91298104;
2857;Mendoza;SILVIA RAQUEL CABRERA;PUERTO SAN JULIAN  II BÂº 13 DE DICIEMBRE ESQ. AV. GUEVARA;4985441;42;LUJAN DE CUYO;-68,88487195;-33,02604892;
2858;Mendoza;JORGE ATILIO CAFFERA;PELTIER 191 PARQUE;4-390553;36;GOBERNADOR BENEGAS (GODOY CRUZ);-68,84791122;-32,94678306;
2859;Mendoza;OLGA GRACIELA CAITANO;PASO DE LOS ANDES 78 5Âº SECCION;4-286953;38;MENDOZA;-68,85991066;-32,89990388;
2860;Mendoza;FERNANDO CARPENTIERI;BOLIVIA 2510 GROSSO PEDRO MOLINA Y BOLIVIA;4262125;20;GENERAL BELGRANO (GUAYMALLEN);-68,7528432;-32,91947761;
2861;Mendoza;LUIS ALBERTO CARRASCO;25 DE MAYO  FABREGA OLEGARIO V.ANDRADE Y 25 DE MAYO;4372973;19;EL ZAPALLAR (LAS HERAS);-68,8316207;-32,86553681;
2862;Mendoza;MARCELO HEBERT CARRASCO;SISMO V LIBERTAD Y GUIDO SPANO;4470322;20;EL PLUMERILLO (LAS HERAS);-68,81667319;-32,83826216;
2863;Mendoza;JUAN JOSE CARRASCO;LAS HERAS 8287  LA PUNTILLA, FRANCIA Y UGARTE;4-400452;30;LA PUNTILLA (LUJAN DE CUYO);-68,85797412;-32,96063809;
2864;Mendoza;SULANGEL CARRASCO;ISLA DE LOS ESTADOS 1751 LOS ALERCES II;4-361925;23;CARRODILLA (LUJAN DE CUYO);-68,83641837;-32,96520943;
2865;Mendoza;FEDERICO CASAS;ESTADOS UNIDOS 499 ESCORIHUELA;4910727/4914049;61;RODEO DE LA CRUZ (GUAYMALLEN);-68,81016238;-32,88444005;
2866;Mendoza;LUZ MARINA CASAS;MATHUS HOYOS 1900 VILLA PAQUITA MATHUS HOYOS Y ALLAYME;4-451623;22;BERMEJO: BARRIOS SANTAROSA Y JARDIN EL SAUCE (GUAYM;-68,81840803;-32,87535345;
2867;Mendoza;MARIA ELSA CASAS;AMIGORENA LOS SAUCES Y PRINGLES -OLASCUAGA;4487286;60;EL PLUMERILLO (LAS HERAS);-68,82553176;-32,84372545;
2868;Mendoza;JESUS ARIEL CASCO;JOSE ALBINO GUTIERREZ  LOS INGENIEROS JOSE ALBINO GUTIERREZ Y BORDIN;4978432;22;GENERAL GUTIERREZ (MAIPU);-68,7911051;-32,95281787;
2869;Mendoza;JULIO CESAR ROQUERO;ROPOLO 6826 LAS  VIÃ?AS;4-461039;62;BUENA NUEVA (GUAYMALLEN);-68,80267921;-32,87883663;
2870;Mendoza;MARIA NILSA PEREZ ;REPUBLICA DE SIRIA 189 VARGAS;4-932292;31;LUZURIAGA (MAIPU);-68,79169814;-32,9464862;
2871;Mendoza;MARIA DEL ROSARIO PEREZ;AZCUENAGA S/N   AZCUENAGA Y FLORENCIO SANCHEZ;4-221595;52;GODOY CRUZ;-68,84070606;-32,92782553;
2872;Mendoza;ARMANDO IRINEO CASTAINGDEBAT;RODRIGUEZ PEÃ?A  CENTRO EMPLEADOS DE COMERCIO;4260895/4210825;52;VILLA NUEVA (GUAYMALLEN);-68,7901853;-32,8985631;
2873;Mendoza;ALBERTO CASTELAR;INDEPENDENCIA 2149;4489288;40;EL PLUMERILLO (LAS HERAS);-68,8110974;-32,84242362;
2874;Mendoza;DANIEL EDGARDO CASTELLA;PANQUEHUA CHICLANA Y SARMIENTO;4486523 4488860;30;PANQUEHUA (LAS HERAS);-68,84382602;-32,83625414;
2875;Mendoza;GABRIEL ALFONSO CASTELLA;J.B.MARTINEZ S/N LA COLINA DE ORO J. B. MARTINEZ Y M.T. DE SAN MARTIN;4-972733;65;MAIPU;-68,7890422;-32,97052111;
2876;Mendoza;JAQUELINE CASTELLI;SARMIENTO CHAPADMALAL S/N;4-220927;19;PRESIDENTE SARMIENTO (GODOY CRUZ);-68,87349789;-32,93335515;
2877;Mendoza;AMAVIRA HAYDEE CASTGLIONI;METRAUX S/N SANIDAD;4-445145;36;MENDOZA;-68,87572612;-32,86779148;
2878;Mendoza;CLAUDIO GABRIEL CASTIGLIONI;SAN MARTIN NIHUIL Y CORDON DEL PLATA SUR;4446765;57;EL CHALLAO (LAS HERAS);-68,86274019;-32,86331028;
2879;Mendoza;VERONICA CASTILLO;LEMOS 2089  PEDRO MOLINA Y LEMOS;4454908;64;PEDRO MOLINA (GUAYMALLEN);-68,8140482;-32,87923526;
2880;Mendoza;JOSE  LUIS CASTILLO;DR.MORENO 2899 PANQUEHUA;4487023;34;PANQUEHUA (LAS HERAS);-68,83999664;-32,83765536;
2881;Mendoza;ESBAR GONZALO CASTILLO;PACHAMAMA S/N MZNA 35  DOLORES PRATS DE HUISI II/ESTANZUELA PACHAMAMA S/N MANZANA 35;4-393655;62;PRESIDENTE SARMIENTO (GODOY CRUZ);-68,86924295;-32,94173008;
2882;Mendoza;FLAVIO SOLIS CASTRO;SAN PEDRO COSTA CANAL MONTECASEROS KM 1;02623-421324;45;SAN MARTIN;-68,48757685;-33,08421668;
2883;Mendoza;HORACIO DANIEL DE LOS SANTOS;ROBERTO SARAVIA 1500 BELGRANO;4-452514;22;GENERAL BELGRANO (GUAYMALLEN);-68,78108769;-32,89816017;
2884;Mendoza;JOSE ALFREDO DE MATTOS;INFANTA CALLES 7 Y 8 CASA 11 - LOTE 17;4445665;62;EL CHALLAO (LAS HERAS);-68,86223263;-32,85414075;
2885;Mendoza;CARLOS DE MELLO;CATAMARCA 2273 SILVANA;4-452179;26;GENERAL BELGRANO (GUAYMALLEN);-68,79404108;-32,88407104;
2886;Mendoza;EDILBERTO DE OLIVEIRA;SAN LUIS 200 DON BOSCO;02623-462600;30;PALMIRA;-68,47570098;-33,08759461;
2887;Mendoza;MARCELO ADAN DE POLSI;BARCALA S/N  HUARPES I;4-395975;56;LAS TORTUGAS (GODOY CRUZ);-68,8373761;-32,95531137;
2888;Mendoza;HECTOR BARRET DE SANTA ANA;RECUERO 590  RUTA 40 KM. 13;156957021;28;EL BORBOLLON (LAS HERAS);-68,76401771;-32,80539235;
2889;Mendoza;PATRICIA DE SANTIS;CABO SAN PÃ?O S/N  PAULO VI CABO SAN PIO S/N;4-521667;54;LAS TORTUGAS (GODOY CRUZ);-68,82746332;-32,95175222;
2890;Mendoza;BLANCA MARIELA DE SOUZA;PERITO MORENO 2531  PERITO MORENO Y AV. DEL TRABAJO;4-396973;24;GOBERNADOR BENEGAS (GODOY CRUZ);-68,85015899;-32,95058663;
2891;Mendoza;DANIEL HUGO DELGADO;LAVALLE 502 TERCERA SECCION;4-252644;41;MENDOZA;-68,83113072;-32,88866631;
2892;Mendoza;PABLO ALEJANDRO DELGROSSO;MATHUS HOYOS 3495;4-511244;20;BERMEJO: BARRIOS SANTAROSA Y JARDIN EL SAUCE (GUAYM;-68,73198797;-32,93463075;
2893;Mendoza;UMBERTO DELLA MEA;SAN MARTIN LOS CEIBOS S/N;4-446607;60;MENDOZA;-68,86713684;-32,86948175;
2894;Mendoza;AMANDA ROSA DELLA VENTURA;CADETES CHILENOS 688 SANTA ELVIRA LAS CAÃ?AS;4-222230;24;LAS CAÑAS (GUAYMALLEN);-68,80075824;-32,91355264;
2895;Mendoza;NILA MARIELA DELOR;SANTA ROSA S/N SAN CAYETANO SANTA ROSA Y ARREDONDO;4315125/4323600;26;LAS CAÑAS (GUAYMALLEN);-68,809205;-32,90516124;
2896;Mendoza;MARIELLA DEMARCO;MOISES TUBERT 110 JORGE NEWBERY;4510689;44;ALGARROBAL (LAS HERAS);-68,78763492;-32,84634213;
2897;Mendoza;RUBEN DI GIOVANNI;ALAS ARGENTINAS CHACABUCO S/N;4470977;25;EL PLUMERILLO (LAS HERAS);-68,82187532;-32,84508565;
2898;Mendoza;IRMA LUCY DINELLO;UJEMVI DEMOCRACIA S/N;4306289;29;EL ZAPALLAR (LAS HERAS);-68,80625765;-32,86490286;
2899;Mendoza;CLAUDIA REBECA DIPERNA;BANDERA DE LOS ANDES 4801;4262986;57;VILLA NUEVA (GUAYMALLEN);-68,80231298;-32,86993195;
2900;Mendoza;RAFAEL ANGEL DIRINGUER;PASO DE LOS PATOS  INDEPENDENCIA AGUADO Y MANSILLA -PASO DE LOS PATOS S/N;4487480;30;EL PLUMERILLO (LAS HERAS);-68,80826762;-32,84022749;
2901;Mendoza;ALVARO DIZ;PADRE VERA 525 SAN FRANCISCO;4-975012;64;MAIPU;-68,79304017;-32,97808396;
2902;Mendoza;SANDRA ROSELLA DODERA;YAPEYU SALTA Y AYACUCHO;16957088;16;EL RESGUARDO (LAS HERAS);-68,82842225;-32,80243142;
2903;Mendoza;LAURA ISABEL DOGLIO;AQUINAGUA S/N    ENTRE VIAMONTE Y ITALIA;4-960015;21;CHACRAS DE CORIA - INCLUYE EST. PASO DE LOS ANDES;-68,88264958;-32,98673259;
2904;Mendoza;GUSTAVO A. D'OLIVEIRA;26 DE ENERO CALLE 14 S/N;4487140;45;EL RESGUARDO (LAS HERAS);-68,8201175;-32,83021255;
2905;Mendoza;MARIA ELVIRA DOMINGUEZ;MONTES DE OCA 421 SUAREZ VILLA HIPODROMO;4-273303;45;GODOY CRUZ;-68,86742927;-32,91861559;
2906;Mendoza;GUSTAVO DOMINGUEZ;GUTEMBERG S/N  LE DONNE;4-283190;25;GODOY CRUZ;-68,88017867;-32,90088305;
2907;Mendoza;MARIA CRISTINA DOMINGUEZ;SARRATEA 747 VILLA HIPODROMO;4-271807;25;GODOY CRUZ;-68,85228439;-32,90905163;
2908;Mendoza;JULIA ELIZABETH DOMINGUEZ;JUJUY S/N  VILLA TERESA II JUJUY Y BERUTTI;4393693;36;LAS TORTUGAS (GODOY CRUZ);-68,83497555;-32,94668531;
2909;Mendoza;SHIRLEY MABEL DOMINGUEZ;ALSINA  SAN SALVADOR ALSINA Y ESPEJO;4-318200;38;DORREGO (GUAYMALLEN);-68,76520747;-32,90711791;
2910;Mendoza;JUAN JOSE DOMINGUEZ;EMILIO CONI S/N CADORE;4-210036;18;VILLA NUEVA (GUAYMALLEN);-68,81863416;-32,92209493;
2911;Mendoza;DANIEL OSCAR DOMINIONI;JOAQUIN V GONZALEZ 1522 CHACABUCO;4-315126;61;DORREGO (GUAYMALLEN);-68,81650519;-32,91116621;
2912;Mendoza;JUAN CARLOS DUARTE;EL NEVADO MANZANA K S/N;02623-433623;38;SAN MARTIN;-68,44856932;-33,08045676;
2913;Mendoza;JORGE WILLIAM DUBROCCA;AV.BOULOGNE SUR MER 2136 SEXTA SECCION;4234400-INT264;39;MENDOZA;-68,85935424;-32,8744995;
2914;Mendoza;MARIA ALEJANDRA DUFRECHOU;SAN LUIS 321 TERCERA SECCION;4-257898;19;MENDOZA;-68,8336922;-32,88492989;
2915;Mendoza;NORALI DUHALDE;FADER 1890 SANTA ANA;4261738;62;CAPILLA DEL ROSARIO (GUAYMALLEN);-68,75929077;-32,89941881;
2916;Mendoza;ENRIQUE ADOLFO DUPONT;GARIBALDI 239;4301217;38;EL PLUMERILLO (LAS HERAS);-68,81063306;-32,85712568;
2917;Mendoza;EDUARDO CESAR DUPONT;PARQUE SUR LAUTARO Y MONTES DE OCA (VILLA HIPODROMO);4-272267;40;GODOY CRUZ;-68,87007904;-32,90601232;
2918;Mendoza;FERNANDO ARIEL DURAN;MATHEU 1820 METALURGICO;4-521072;19;SAN FRANCISCO DEL MONTE (GODOY CRUZ);-68,82744649;-32,94009587;
2919;Mendoza;MARCIANO DURAN;HUNGRIA 800 LAPRIDA VILLA HIPODROMO;4-282029;61;GODOY CRUZ;-68,8562794;-32,91480404;
2920;Mendoza;CARLOS DURAN;FERNANDO FADER 83 SEXTA SECCION;4-303199;33;MENDOZA;-68,84510808;-32,86585911;
2921;Mendoza;GRACIELA MARIA DURAN;GUEVARA 244 IÂº BARRIO 13 DE DICIEMBRE;4983128;16;LUJAN DE CUYO;-68,88488761;-33,02589898;
2922;Mendoza;ANABELL DURAÑONA;JUAN XXIII 467 SANTA INES;4-985431;17;LUJAN DE CUYO;-68,87091237;-33,03157418;
2923;Mendoza;ALANA SILVIA ECCHER;JACARANDA S/N  LIBERTAD (EX LOTEO VENIER) CALLE 1- MANZANA 20- LOTE 3;02623-463789;23;PALMIRA;-68,52023916;-33,07441517;
2924;Mendoza;JOSE ELIZALDE;SAN MARTIN 775;4377947;48;LAS HERAS;-68,83363166;-32,85610279;
2925;Mendoza;EDUARDO ELOSEGUI;12 DE JUNIO LOS ZORZALES S/N;4440919;54;EL CHALLAO (LAS HERAS);-68,86795188;-32,83879669;
2926;Mendoza;MARIA SILVIA EMALDI;SAN MARTIN 548;4-972232;62;MAIPU;-68,78208805;-32,98498258;
2927;Mendoza;CARLOS FERNANDO ENCISO;SAN JOSE LATERAL NORTE ACCESO ESTE Y PEDERNERA;4-311560;34;SAN JOSE (GUAYMALLEN);-68,81966416;-32,88653031;
2928;Mendoza;EDUARDO ENDERIZ;TACUARI 934 AERONAUTICO;4307926;20;EL ZAPALLAR (LAS HERAS);-68,82278893;-32,85671315;
2929;Mendoza;HENRY ENGLER;PERITO MORENO CALLE PUBLICA Y ANTONIO RIVERO;02623-423517;32;SAN MARTIN;-68,50247303;-33,09350562;
2930;Mendoza;MARIA JACQUELINE ENRIQUE;SUNCHALES S/N  SUPE;4-270472;34;GODOY CRUZ;-68,88953937;-32,90118097;
2931;Mendoza;KARLA ANDREA ENSEÑAT;SAN FERNANDO S/N  BÂ°COVIMET III;4-521263;60;LAS TORTUGAS (GODOY CRUZ);-68,81763612;-32,94664539;
2932;Mendoza;MARCELO ERLICH;SARMIENTO 840 DECAVIAL SARMIENTO Y AMPERE;4-520300;33;SAN FRANCISCO DEL MONTE (GODOY CRUZ);-68,83627061;-32,93911125;
2933;Mendoza;VICTOR HUGO ERMINDA;LAVALLE 1055;4-226823;22;PRESIDENTE SARMIENTO (GODOY CRUZ);-68,85751009;-32,92480915;
2934;Mendoza;TABARE ERRAMUSPE;LOS GLADIOLOS  UTMA;4321486;44;SAN FRANCISCO DEL MONTE (GUAYMALLEN);-68,75287669;-32,91953255;
2935;Mendoza;JUANITA ERRICO;EVA PERON PROVINCIAS UNIDAS Y ABEL ZAPATA;4480111;41;PANQUEHUA (LAS HERAS);-68,83233851;-32,82097267;
2936;Mendoza;MARIO JAVIER LEIVA;RUTA 15 KM 26  AGRELO II CALLEJON SUAREZ;4980110;56;AGRELO;-68,88915572;-33,11570836;
2937;Mendoza;;COBOS S/NÂº IV PEDRIEL COBOS S/N;4-880708;43;PERDRIEL;-68,91344407;-33,07843295;
2938;Mendoza;JOSE ANTONIO LICANDRO;LOS ALAMOS S/NÂº LOS ALAMOS CARRIL LOS ALAMOS S/N;154696270 DIR;32;FRAY LUIS BELTRAN;-68,61299561;-32,96069154;
2939;Mendoza;JOSE IGNACIO LICHA;BUENOS VECINOS 3972 COLONIA SEGOVIA;4-911060;16;COLONIA SEGOVIA;-68,72508343;-32,88466753;
2940;Mendoza;ERNESTO GABRIEL OTERO;SAN ESTEBAN S/NÂº  SAN ESTEBAN Y LAVALLE;6890414;19;ALGARROBAL (LAS HERAS);-68,7273711;-32,82816283;
2941;Mendoza;MARIA MAGELA OTERO;COBOS S/N  COLONIA 9 DE JULIO COBOS Y FUNES;4-280554 DIR.;32;AGRELO;-68,91982624;-33,13498821;
2942;Mendoza;JUAN CARLOS PAIVA;MILAGROS 9275;156423987 dir;37;COLONIA SEGOVIA;-68,69373588;-32,84035731;
2943;Mendoza;CARLOS ANTONIO PALERMO;RUTA 63 KM. 19;153841512;23;LOS BARRIALES;-68,60638967;-33,11705152;
2944;Mendoza;CARLOS ALBERTO PALOU;SAN MARTIN 4605  ENTRE BULNES  Y SAN MARTIN;4-960364;38;MAYOR DRUMMOND (LUJAN DE CUYO);-68,86485062;-32,99584544;
2945;Mendoza;LIDIO ROSAMEL PANIAGUA;PACHECO 9000;4821311;59;PUENTE DE HIERRO;-68,66262499;-32,86208256;
2946;Mendoza;JORGE DANIEL PAPADOPULOS;RUTA PROV. 50 S/N   LA COLUMNA;4922033;17;FRAY LUIS BELTRAN;-68,61881416;-33,02065107;
2947;Mendoza;;RUTA PROVINCIAL 50 S/N  KM 8;4-911556;40;COLONIA SEGOVIA;-68,71638539;-32,94686924;
2948;Mendoza;;PERITO MORENO   PERITO MORENO Y PUEYRREDON;154648590;34;RODEO DEL MEDIO;-68,69678974;-33,0119719;
2949;Mendoza;;MANZANA B- CASA 26 01 PICCIONE BÂº PICCIONE;4915058;36;COQUIMBITO (MAIPU);-68,72413491;-32,94804404;
2950;Mendoza;FERNANDO PASADORES;TROPERO SOSA 2735;4-813946;63;COQUIMBITO (MAIPU);-68,75624526;-32,9915278;
2951;Mendoza;DANIEL PLACERES;LOTEO LUCANIA RUTA PROV.24 S/N;4248775 DIREC;43;EL CHICAL;-68,63385021;-32,75916769;
2952;Mendoza;JOSE PEDRO POLLAK;DORREGO S/N;4260662 DIR;58;EL VERGEL;-68,60862425;-32,77244238;
2953;Mendoza;CARLOS ALBERTO POMBO;MAZA S/N   ENTRE AZCUENAGA Y VIAS DEL FERROCARRIL;4-990401;48;LUNLUNTA;-68,82164898;-33,03818449;
2954;Mendoza;DANIEL PONCE DE LEON;DIQUE CIPOLLETTI S/N   RUTA 7;154998309;51;LAS COMPUERTAS;-68,9377643;-33,04710618;
2955;Mendoza;RICARDO PONTI;EL ALTO S/N  GIL ALTO S/N;3841563;45;BARRANCAS;-68,72531834;-33,10305546;
2956;Mendoza;JUIO ALBERTO POSE;RUTA PANAMERICANA KM20   LAS COMPUERTAS;985088;56;LAS COMPUERTAS;-68,97201402;-33,03161094;
2957;Mendoza;LUIS ALBERTO POSSE;SARGENTO CABRAL S/NÂº  COLONIA JARA -  SARGENTO CABRAL S/N;155658653;29;COLONIA JARA;-68,70876141;-33,02928961;
2958;Mendoza;JORGE ALVARO POZZI;ESPEJO 780 LA SUPERIORA ENTRE OZAMIS Y LAPRIDA;4-812501-4972478;63;RUSSELL;-68,78630346;-33,00432645;
2959;Mendoza;JUAN JOSE PRADA;LA COSTA  SAN ROQUE RUTA 60 Y LA COSTA;4499900;64;ISLA GRANDE;-68,60956223;-33,08649241;
2960;Mendoza;JAVIER LUIS PRECIOZZI;COSTA CANAL MATRIZ S/N;02623-433111;16;MONTECASEROS;-68,51263474;-33,10406189;
2961;Mendoza;SANDRA IGNACIA PRESA;NUEVA CERECETO S/N;423059;22;ALTO SALVADOR;-68,45504832;-33,03243244;
2962;Mendoza;DARDO HAMLET PREZA;CARRIL SAN PEDRO Y LAS PIEDRITAS;02623-462243DIR;47;CHAPANAY;-68,50744973;-32,99678477;
2963;Mendoza;ISABEL ANABELA PRIETO;VIDELA ARANDA 2425  TRES ESQUINAS;4990816;53;TRES ESQUINAS;-68,77500948;-33,03192089;
2964;Mendoza;LAURA PRIETO;NECOCHEA S/NÂº  NECOCHEA- EL PEDEGRAL;156956854;61;PEDREGAL;-68,69494063;-32,97102087;
2965;Mendoza;HORACIO ALABERTO PRIETO;PERITO MORENO S/N    VILLA SECA MAIPU;156957086;30;VILLA SECA;-68,71738068;-33,00929486;
2966;Mendoza;EMILIO ALBO PRIETO;VIDELA ARANDA S/NÂº  VIDELA ARANDA S/N - COLONIA IRIGOYEN;6956875;52;COLONIA IRIGOYEN;-68,72966175;-33,04494485;
2967;Mendoza;LENADRO PRIGRIONI;RUTA 60 INTERNACIONAL S/N  RUTA 60_INTERNACIONAL,EL PARAISO;3841434;54;EL PARAISO;-68,67478277;-33,04359291;
2968;Mendoza;ALVARO PUERTO;SAN PEDRO S/N  SAN JUAN Y SAN PEDRO;4-820899;48;VILLA LOS CORRALITOS;-68,69814554;-32,90126106;
2969;Mendoza;JUAN CARLOS RIVERO;RUTA PROVINCIAL 24;0261-4907016;16;LA PEGA;-68,6660566;-32,80517721;
2970;Mendoza;ALBERTO SAUL RIVERO;MITRE S/N;02623-442166 DI;21;CHAPANAY;-68,46537824;-32,98397729;
2971;Mendoza;CRISTINA ROSARIO RIVERO;RUTA 20 S/N;4-821024;43;LA PRIMAVERA;-68,66315621;-32,91266481;
2972;Mendoza;HUMBERTO ROCA;RAMON FERRER 607 ARGUMEDO;4912575;35;KILOMETRO 11 (GUAYMALLEN);-68,78565067;-32,92505298;
2973;Mendoza;RICARDO ADOLFO ROCA;CERVANTES VARIANTE RUTA 50 PROVINCIAL 50;02623-431237;33;CHAPANAY;-68,53665519;-33,06263331;
2974;Mendoza;LILIÁN CRISTINA RODRIGUEZ;SAN MARTIN S/N   ENTRE YRIGOYEN Y SAN JOSE;156957009;43;COLONIA BOMBAL;-68,64291679;-32,94093297;
2975;Mendoza;GONZALO RODRIGUEZ;DIGTA S/N 25 DE MAYO;156396268;52;PEDREGAL;-68,69681703;-32,9781311;
2976;Mendoza;GUSTAVO RODRIGUEZ;MITRE S/N  MITRE Y BELGRANO S/N;4-951496;65;GENERAL ORTEGA;-68,72509828;-32,98073787;
2977;Mendoza;JULIO CESAR RODRIGUEZ;NICOLAS SERPA 4377  PEDREGAL;3841599;54;PEDREGAL;-68,66807057;-32,94493096;
2978;Mendoza;WASHINGTON RODRIGUEZ;CARRIL LAS BARRANCAS 3289  (FINCA NAVARRO CORREA)  CARRIL LAS BARRANCAS S/N;156970431;59;BARRANCAS;-68,7516766;-33,06874712;
2979;Mendoza;LORELEY RODRIGUEZ;VIDELA ARANDA S/N  CASI OZAMIS SUR - TRES ESQUINAS;4-990349;20;TRES ESQUINAS;-68,78665504;-32,98029671;
2980;Mendoza;HUGO RODRIGUEZ;CARRIL BARRANCAS S/NÂº  EL JUME -  CARRIL BARRANCAS S/N;153841392;58;BARRANCAS;-68,67792485;-33,1023417;
2981;Mendoza;JUAN CARLOS RODRIGUEZ;CELESTINO ARGUMEDO S/N  KM 11;4-821479;65;KILOMETRO 11 (GUAYMALLEN);-68,69670529;-32,92352264;
2982;Mendoza;ADRIANA RODRIGUEZ;SANTA MARIA S/NÂº  SANTA MARIA S/N;156727664;35;SANTA BLANCA;-68,6445031;-33,03946477;
2983;Mendoza;LORENZO DARWIN ROLDAN;VILLEGAS S/N;02623-425349DIR;18;CHAPANAY;-68,50327513;-33,03257322;
2984;Mendoza;MILTON ROMANI;CALLEJON FURLOTTI S/N  CALLEJON FURLOTTI S/N;156957126;16;BARRANCAS;-68,69972474;-33,11504827;
2985;Mendoza;NESTOR ROMANO;0261-6442718 VILLEGAS S/N;02623-689974;63;CHAPANAY;-68,48290573;-33,01234608;
2986;Mendoza;;EUGENIO MONTENEGRO S/N;4-807000;53;LAS VIOLETAS;-68,60476047;-32,8196711;
2987;Mendoza;;LAVALLE S/N;4421372;61;ALTO SALVADOR;-68,45966561;-33,05625138;
2988;Mendoza;;SEVERO DEL CASTILLO S/N  LOS CORRALITOS;4-820896;32;VILLA LOS CORRALITOS;-68,68369864;-32,88505324;
2989;Mendoza;;RUFINO ORTEGA   ARGUMEDO Y RUFINO ORTEGA;4-820817;62;LA PRIMAVERA;-68,67042525;-32,92209836;
2990;Mendoza;;RUTA PROVINCIAL NÂº 31 S/NÂº  LOS ALAMOS-RUTA PROV.31;4228129;47;LOS ALAMOS;-68,52289785;-32,86432075;
2991;Mendoza;JORGE ROSALES;CALLEJON THOME S/N  CALLEJON THOME;156957085;36;ISLA CHICA;-68,62992458;-33,05895969;
2992;Mendoza;GUSTAVO SALABERRY;REPUBLICA DEL PERU 680;4303885;24;CIENAGUITA (LAS HERAS);-68,8443476;-32,85916363;
2993;Mendoza;JULIO CESAR SAMANDU;ALLAYME 370;4322124;48;SAN JOSE (GUAYMALLEN);-68,7834428;-32,87938636;
2994;Mendoza;JAVIER SAN CRISTOBAL;BEBEDEROS 7655 COCUCCI;4-911084;53;RODEO DE LA CRUZ (GUAYMALLEN);-68,79488658;-32,91439874;
2995;Mendoza;FRANCISCO SANABRIA;GUTIERREZ 338 TERCERA SECCION;4-250269;57;MENDOZA;-68,84325038;-32,88779745;
2996;Neuquén;GERMAN LEZAMA;REPUBLICA DE CHILE 325 PROGRESO;491139;60;JUNIN DE LOS ANDES;-71,0696103;-39,94883004;
2997;Neuquén;RICHARD ALEX LEZCANO;QUINQUELA MARTIN BENITO 271 VILLA VEGA SAN MARTIN;426355;63;SAN MARTIN DE LOS ANDES;-71,29124216;-40,13425096;
2998;Neuquén;EDUARDO LIARD;ROCA RUDECINDO 719 CENTRO;154539600;20;SAN MARTIN DE LOS ANDES;-71,35331289;-40,15455003;
2999;Neuquén;JORGE DANIEL LIMA VALVERDE;ELORRIAGA DAMIAN AV  EL ARENAL LOS PINOS (ESQUINA);426326;48;SAN MARTIN DE LOS ANDES;-71,3130333;-40,15038583;
3000;Neuquén;ALEXIS ANIBAL LISSIO;LOS LAGOS AV 1729 CORDONES DEL CHAPELCO CERRO WAYLE;414821;62;SAN MARTIN DE LOS ANDES;-71,22451074;-40,13062707;
3001;Neuquén;AZUCENA MARIA OXOBY;LOS PEHUENES 345 EL ARENAL;425076;54;SAN MARTIN DE LOS ANDES;-71,31915477;-40,15365377;
3002;Neuquén;LUIS PACHECO;RODRIGUEZ LEOPOLDO INTD  TIRO FEDERAL ESQUINA MORENO MARIANO;427050;19;SAN MARTIN DE LOS ANDES;-71,35721128;-40,15007617;
3003;Neuquén;PATRICIA MACARENA PACHECO;SARMIENTO DOMINGO F AV 750;427383;18;SAN MARTIN DE LOS ANDES;-71,34697826;-40,15529914;
3004;Neuquén;MARIA NOEL PADRON;MORENO MARIANO 633 PRIMEROS POBLADORES;491275;15;JUNIN DE LOS ANDES;-71,07728432;-39,95014077;
3005;Neuquén;LEONARDO CESAR PADRON;MORENO PERITO  LANIN ALVAREZ GREGORIO DR (ESQUINA);491583;59;JUNIN DE LOS ANDES;-71,0709287;-39,9407393;
3006;Neuquén;MARÍA ELSA PAIS;;428189;35;SAN MARTIN DE LOS ANDES;;;
3007;Neuquén;RAUL WALTER PAIS;;423188;33;SAN MARTIN DE LOS ANDES;;;
3008;Neuquén;CLAUDIA LEONOR PALACIO;17 DE OCTUBRE  PRIMEROS POBLADORES BELGRANO MANUEL(ESQUINA);491473;46;JUNIN DE LOS ANDES;-71,08068816;-39,95124126;
3009;Neuquén;ANA CARINA PASARELLO;OBEID GABRIEL  CENTRO;427575;17;SAN MARTIN DE LOS ANDES;-71,35080654;-40,15879497;
3010;Neuquén;FATIMA PASEYRO;KOESSLER BERTA  VEGA MAIPU NAHUILEN;420533;31;SAN MARTIN DE LOS ANDES;-71,24487048;-40,12867136;
3011;Neuquén;NORA BEATRIZ RODRIGUEZ;RUTA PROVINCIAL 61   PAIMUN PRJE;;39;PAIMUN;-71,49501974;-39,74655904;
3012;Neuquén;MATIAS RODRIGUEZ;SIN NOMBRE   SAN IGNACIO PRJE;449500 INT 1116;35;SAN IGNACIO;-70,78169506;-39,88964215;
3013;;ELBER FABIAN RODRIGUEZ;SIN NOMBRE   PRJE PIL PIL;;45;;-71,38851786;-40,1877152;
3014;Neuquén;DARDO JAVIER RODRIGUEZ;SIN NOMBRE   PRJE QUILA QUINA;425073;53;QUILA-QUINA;-71,4379078;-40,17126865;
3015;Neuquén;DANIEL ENRIQUE RODRIGUEZ;RUTA PROVINCIAL 23   CONFLUENCIA DEL MALLEO PRJE;;18;CONFLUENCIA DEL MALLEO;-70,90276167;-39,83267648;
3016;Neuquén;ROBERTO RODRIGUEZ;SIN NOMBRE   PRJE ATREUCO ARRIBA;RADIO;15;ATREUCO ARRIBA;-71,08966998;-39,70175023;
3017;Neuquén;ANIBAL RODRIGUEZ;SIN NOMBRE   PRJE AUCAPAN;491783;57;AUCAPAN (RAI);-71,07302495;-39,64440585;
3018;Neuquén;JORGE LUIS RODRIGUEZ;RUTA PROVINCIAL 23;4495200 INT 1198;23;PAMPA DEL MALLEO;-71,033333;-39,783333;
3019;;NELSON RODRIGUEZ;SIN NOMBRE   PRJE HUILQUI MENUCO;491793;28;;-70,92610251;-39,80573704;
3020;Neuquén;MILTON RODRIGUEZ;RUTA NACIONAL 40   PRJE EL SALITRAL;RADIO;56;EL SALITRAL;-70,6250243;-39,82513612;
3021;Neuquén;RUBEN HUMBERTO RODRIGUEZ;RUTA PROVINCIAL 19   PRJE PUENTE BLANCO;424982;33;PUENTE BLANCO;-71,32621023;-40,16760819;
3022;Neuquén;VILIBALDO JOSE RODRIGUEZ;RUTA PROVINCIAL 62   PRJE LAGO LOLOG;423351;30;LAGO LOLOG;-71,32269243;-40,07851216;
3023;Neuquén;JOSÉ PEDRO RODRIGUEZ;SIN NOMBRE   PRJE COSTA DEL MALLEO;491082;36;COSTA DEL MALLEO;-71,00169529;-39,79594932;
3024;Neuquén;JULIA ISABEL RODRIGUEZ;RUTA NACIONAL 234 37  PRJE LAGO HERMOSO;4495200 INT 1125;26;LAGO HERMOSO;-71,45790401;-40,37333857;
3025;Neuquén;GABRIELA RODRIGUEZ;SIN NOMBRE   ATREUCO ABAJO PRJE;4495200 INT 1120;57;ATREUCO (RAI);-71,07764941;-39,73103584;
3026;Neuquén;GLORIA CARMEN RODRIGUEZ;SIN NOMBRE   RUTA PROVINCIAL 63 - PRJE ESTANCIA SANTA LUCIA;422647;44;ESTANCIA SANTA LUCIA;-71,26625506;-40,38691448;
3027;Neuquén;SYLVIA RODRIGUEZ;SIN NOMBRE;4495200 INT 1177;31;PILOLIL;-70,93280703;-39,60405948;
3028;Neuquén;LAURA ETHEL RODRIGUEZ;SIN NOMBRE   PRJE COSTA DEL CATAN LIL;4495200 INT 1176;60;COSTA DEL CATAN LIL;-70,7581637;-39,80029584;
3029;Neuquén;MARÍA GABRIELA RODRIGUEZ;SIN NOMBRE   PRJE AUCAPAN ABAJO;4495200 INT 1185;42;AUCAPAN ABAJO;-71,03175313;-39,64205582;
3030;Neuquén;TERESITA RODRIGUEZ;LOS Ã?IRES   PRJE NAHUEL MAPI ABAJO;490740;16;NAHUEL MAPI ABAJO;-71,0602236;-39,61874499;
3031;Neuquén;;SIN NOMBRE   PRJE NAHUEL MAPE ARRIBA;RADIO;37;NAHUEL MAPE ARRIBA;-71,08226382;-39,61143673;
3032;Neuquén;;SIN NOMBRE   PIEDRA DEL TROMPUL PRJE;15431825;22;TROMPUL (RAI);-71,40881128;-40,13691165;
3033;Neuquén;SILVIA VERONICA ROSSEL;SIN NOMBRE   PRJE CHIQUILIHUIN;4495200 INT 1170;35;CHIQUILIHUIN (RAI);-71,18748403;-39,64367646;
3034;Neuquén;PIER ANTONIO ROSSI;SIN NOMBRE   PRJE TROMPUL;489424;46;TROMPUL (RAI);-71,37644113;-40,16145587;
3035;Santa Fe;DOLORES IVONNE SANCHEZ;PARAJE EL OMBU ZONA RURAL;37322;56;ARROYO SECO;-60,5560691;-33,1552359;
3036;Santa Fe;PEDRO GUSTAVO SANCHEZ;BELGRANO 1919;4924565;30;ALVEAR;-60,6179167;-33,0549444;
3037;Santa Fe;ELISA ANDREA SANGUINETTI;ZONA RURAL   CAMINO MONTE FLORES;4925182;16;ALVEAR;-60,6335767;-33,0751593;
3038;Santa Fe;RITA SANGUINETTI;AVENIDA ROSARIO 1085;4904032;23;IBARLUCEA;-60,7865777;-32,8530137;
3039;Santa Fe;JULIO  CESAR SANGUITTI;ECUADOR 234;4901800;55;SOLDINI;-60,7570965;-33,0271729;
3040;Santa Fe;BERTA ELBA SANSEVERINO;PASAJE FRAY LUIS BELTRAN 840 CENTRO;492048;41;RICARDONE;-60,7842554;-32,7701591;
3041;Santa Fe;ASUCENA ALCINA;HIPOLITO YRIGOYEN 2415 LEANDRO N. ALEM;424106;25;SAN LORENZO;-60,73595244;-32,74039448;
3042;Santa Fe;LUIS ALDABE;NAHUEL HUAPI 4506 B ALVEAR;4729714;37;ROSARIO;-60,68615328;-32,98592808;
3043;Santa Fe;HUMBERTO RAMÀN ALFARO;AYACUCHO 2750 SAN MARTIN;4728660;45;ROSARIO;-60,6325392;-32,97376377;
3044;Santa Fe;MARIA GABRIELA ALGORTA;ACEVEDO 3095 ALVEAR;4729687;47;ROSARIO;-60,67600884;-32,98642542;
3045;Santa Fe;VERONICA ALLES;PASAJE 1816 Y CIRCUNVALACION 4450 LIBERTAD(TOBA);4727626;38;ROSARIO;-60,63957;-32,94402;
3046;Santa Fe;LUIS LEONARDO ALMAGRO;SAN JUAN 1300 CENTRO;4721418;33;ROSARIO;-60,643665;-32,9528727;
3047;Santa Fe;MARIA GRACIELA ALMANZA;RODRIGUEZ 2842 LATINOAMERICA;4725539;36;ROSARIO;-60,66465156;-32,96916513;
3048;Santa Fe;SILVANA JACQULINE ALMEDA;RICCHIERI 1662 PARQUE;4724513;64;ROSARIO;-60,66532152;-32,95476441;
3049;Santa Fe;RUBEN JOSE AMARO;VIEYTES 2953 NUEVO ALBERDI;4726565;50;ROSARIO;-60,63957;-32,94402;
3050;Santa Fe;FERNANDO AMESTOY;GENERAL ROCA 439  EX TIMBUES;495068;40;TIMBUES;-60,75895614;-32,63422315;
3051;Santa Fe;FRANCISCO JAVIER AMORENA;SALVAT 1150 LA FLORIDA;4726561;38;ROSARIO;-60,70013928;-32,88492144;
3052;Santa Fe;JOSE GERARDO AMORIN;LIBERTAD 753 TALLERES;4921202;53;VILLA GOBERNADOR GALVEZ;-60,61896756;-33,02320464;
3053;Santa Fe;ALBERTO FABIAN ANDRADE;BOULEVARD SAN DIEGO 329 LOS PINOS;4921227;38;VILLA GOBERNADOR GALVEZ;-60,60992868;-33,02099487;
3054;Santa Fe;ALEJANDRO ANTONELLI;JUAN MANUEL DE ROSAS 4059 LA TABLADA;4729697;17;ROSARIO;-60,6409146;-32,98792761;
3055;Santa Fe;DANIEL APATIA;RIOJA 4138 REMEDIOS DE ESCALADA;4724497;53;ROSARIO;-60,68001456;-32,94262818;
3056;Santa Fe;PEDRO ROQUE APEZTEGUIA;URUGUAY 1598 PARQUE ESPAÃ?A Y HOSPITALES;4729726;51;ROSARIO;-60,65256528;-32,97805596;
3057;Santa Fe;GABRIEL APOLO;LAPRIDA 6360;4729712;31;ROSARIO;-60,6465666;-33,0128433;
3058;Santa Fe;RAMON FRANCISCO APPRATTO;;4729719;35;ROSARIO;;;
3059;Santa Fe;LAURA AQUINO;;4728627/8;18;ROSARIO;;;
3060;Santa Fe;MIRIAM AMELIA ARADA;ESPAÃ?A 1100 NORTE PERU Y ESPAÃ?A;435464;20;SAN LORENZO;-60,73689949;-32,72625618;
3061;Santa Fe;IGNACIO ARAMBURU;LA FLOR Y CALLE 1635;4223631;30;ROSARIO;-60,67135455;-32,9545046;
3062;Santa Fe;HUGO ROMAN ARAUJO;OVIDIO LAGOS 5806 MERCEDES DE SAN MARTIN;4729693;25;ROSARIO;-60,6764898;-33,00837489;
3063;Santa Fe;GABRIELA --- ARAUJO;PASAJE SCHETTINI 367 1Â° DE JULIO;423508;22;SAN LORENZO;-60,73036118;-32,75674519;
3064;Santa Fe;ALICIA ARAUJO;PERU 2050 BELGRANO SUR;4727603;21;ROSARIO;-60,71077368;-32,95521189;
3065;Santa Fe;HUBERT ARBILDI;PRESIDENTE PERON 3890 5 ESQUINAS;4725523;21;ROSARIO;-60,68054124;-32,95963845;
3066;Santa Fe;GUALBERTO ARBIZA;LA PAZ 250 SAN SEBASTIAN;441023;27;PUERTO GENERAL SAN MARTIN;-60,72929;-32,71912;
3067;Santa Fe;EDUARDO ARBULO;CORDOBA 2084 CENTRO;4721412-09;59;ROSARIO;-60,65158968;-32,94648063;
3068;Santa Fe;MIRIAM GUIOMAR AREOSA;AVENIDA GENOVA 3218 EMPALME GRANEROS;4727571;48;ROSARIO;-60,70836564;-32,91836706;
3069;Santa Fe;CARLOS VALERIO AREZO;CAÃ?A DE AMBAR 1635 LAS FLORES;4729704;47;ROSARIO;-60,65604612;-33,0173451;
3070;Santa Fe;ENRIQUE AREZO;MAIPU 185 TALLERES NORTE;4921045;25;VILLA GOBERNADOR GALVEZ;-60,60660084;-33,01437141;
3071;Santa Fe;ISMAEL ARGUELLO;LA REPUBLICA 8050;4727592;19;ROSARIO;-60,73644024;-32,92170741;
3072;Santa Fe;CLAUDIA ARRIAGA;ESPAÃ?A 4596 LA GUARDIA;4729707;55;ROSARIO;-60,65744148;-32,99128839;
3073;Santa Fe;ELIZABETH ARRIETA;MITRE 2337;4728654;54;ROSARIO;-60,64423848;-32,96676015;
3074;Santa Fe;SERGIO RAUL ARRIGONI;MORENO 965 CENTRO;4721451;41;ROSARIO;-60,65115984;-32,94862119;
3075;Santa Fe;SERGIO MARIO ASHFIELD;VIRASORO 1920 HOSPITALES;4728655;26;ROSARIO;-60,65553204;-32,97030777;
3076;Santa Fe;MIGUEL MEDARDO ASQUETA;SAN LORENZO 8854 FISHERTON;4727581;45;ROSARIO;-60,7565106;-32,9377014;
3077;Santa Fe;ALFREDO ANGEL ASTI;JOSE PIAZZA 312 LA VIGIL;4921982;30;VILLA GOBERNADOR GALVEZ;-60,60963672;-33,02177454;
3078;Santa Fe;CARLOS BARAIBAR;GARAY 5401 TRIANGULO;4725534;51;ROSARIO;-60,6964662;-32,96818674;
3079;Santa Fe;VERONICA BARANZANO;CRESPO 220;4724485;48;ROSARIO;-60,66647496;-32,93680761;
3080;Santa Fe;EDUARDO ALBERTO BARBACHAN;MITRE 1653 CIVICO;4921212;23;VILLA GOBERNADOR GALVEZ;-60,63523092;-33,02699328;
3081;Santa Fe;MARIO NELSON BARBATO;PERU BIS 250 LUDUEÃ?A;4727602;55;ROSARIO;-60,71208624;-32,92917237;
3082;Santa Fe;GONZALO MAURICIO BARBOZA;PASAJE ZINNI 5349 ROQUE SAENZ PEÃ?A;4729716;42;ROSARIO;-60,62858964;-33,00110406;
3083;Santa Fe;GRACIELA TERESA BARCELONA;PASAJE ESTRADA 690 ARROYITO;4724478;29;ROSARIO;-60,67719828;-32,92176195;
3084;Santa Fe;SIOMARA BARRETO;MENNA 2221 RUCCI;4726555;53;ROSARIO;-60,71196996;-32,89025691;
3085;Santa Fe;MARIA SOLEDAD BARRIOLA;URUGUAY 1262 HOSPITALES;4729724;65;ROSARIO;-60,64804908;-32,97889548;
3086;Santa Fe;ANA MARIA BARRIOLA;SANCHEZ DE BUSTAMANTE BIS 83;4729616;49;ROSARIO;-60,63588612;-32,99968215;
3087;Santa Fe;PABLO BARRIOS;AVENIDA FRANCIA 301 ESCAURIZA;4916496;37;CAPITAN BERMUDEZ;-60,72451812;-32,80763043;
3088;Santa Fe;JULIANA BARRIOS;BUENOS AIRES 975 CENTRO;4721427;22;ROSARIO;-60,63335424;-32,95198953;
3089;Santa Fe;OSCAR DIEGO BARROS;PARAGUAY 1251 CENTRO;4721456;36;ROSARIO;-60,64525908;-32,9535396;
3090;Santa Fe;GUSTAVO ROBERTO BELARRA;HUMBERTO ANGELONE 1382 SAN TELMO;4931286;47;FUNES;-60,8059;-32,91513;
3091;Santa Fe;JULIA SUSANA BELLA;YAPEYU 1589 CENTRO;4951123;62;PEREZ;-60,77135;-32,99453;
3092;Santa Fe;MANUEL JOAQUIN BELLO;PABLO IGLESIAS 2225;4921175;56;VILLA GOBERNADOR GALVEZ;-60,6215484;-33,02643285;
3093;Santa Fe;ANA MARIA BELLO;AVENIDA PRESIDENTE PERON 5470 TRIANGULO;4725524;28;ROSARIO;-60,69725316;-32,96327247;
3094;Santa Fe;GRACIELA TERESITA BELLO;PAMPA 6549 BELGRANO;4727601;58;ROSARIO;-60,71051052;-32,9489973;
3095;Santa Fe;ANTONIO BENITEZ;AVENIDA SAN MARTIN 864 17 DE AGOSTO;423358;39;SAN LORENZO;-60,73431379;-32,7552744;
3096;Santa Fe;JUAN JOSÉ BENITEZ;25 DE MAYO 1593 MARIANO MORENO;435467;57;SAN LORENZO;-60,74152138;-32,75628734;
3097;Santa Fe;ANA MARIA BENTABERRI;RUBEN DARIO 1441 LISANDRO DE LA TORRE;4724494;54;ROSARIO;-60,68272824;-32,92386714;
3098;Santa Fe;JESUS BENTANCOR;AVENIDA JORGE CURA 2399 CURA;4725521;34;ROSARIO;-60,66271908;-32,97319065;
3099;Santa Fe;BERTIL RANDOLF BENTOS;BOULEVARD OROÃ?O 5635 LAS DELICIAS;4729703;41;ROSARIO;-60,66491724;-33,00528978;
3100;Santa Fe;MARIA DEL CARMEN BERAMENDI;BOULEVARD RONDEAU 3921 CELEDONIO ESCALADA;4726552;40;ROSARIO;-60,69722076;-32,88139263;
3101;Santa Fe;WALTER ENRIQUE BERGARA;COLOMBRES 372 ANTARTIDA ARGENTINA;4727604;60;ROSARIO;-60,73002612;-32,92850997;
3102;Santa Fe;MARIO ESTEBAN BERGARA;RODRIGUEZ 3725 MATHEU;4725540;65;ROSARIO;-60,6674178;-32,97917799;
3103;Santa Fe;CARLOS BERGERET;AVENIDA URIBURU 2555 MERCEDES DE SAN MARTIN;4729695;31;ROSARIO;-60,67043388;-32,99375475;
3104;Santa Fe;HECTOR FRANCISCO BERGONZONI;AYACUCHO 1544 MARTIN;4721463;43;ROSARIO;-60,62910408;-32,96004921;
3105;Santa Fe;JAVIER BERMUDEZ;MANUEL GONZALEZ 3004 SAN CAYETANO OESTE;4727618;58;ROSARIO;-60,77135;-32,99453;
3106;Santa Fe;JUAN ANGEL BERRUTI;MENDOZA 3969 REMEDIOS DE ESCALADA;4724492;47;ROSARIO;-60,67855728;-32,94686565;
3107;Santa Fe;AZUCENA ESTEFANIA BERRUTTI;TUCUMAN 491;490104;45;GENERAL LAGOS;-60,56125;-33,1119;
3108;Santa Fe;ALBA MARIA BETOLAZA;DOCTOR RIVAS 5740 LA NUEVA TABLADA ENTRE PASAJE 1876 Y 1836;4725546;21;ROSARIO;-60,63957;-32,94402;
3109;Santa Fe;ALVARO JUAN FRANCISC BEYHAUT;AMEGHINO 1071 DOMINGO MATHEU;4729708;52;ROSARIO;-60,64794864;-32,9895045;
3110;Santa Fe;DANIEL MARIO BIANCHI;SAAVEDRA 6100 DTO OESTE;4725531;34;ROSARIO;-60,70280328;-32,97189213;
3111;Santa Fe;ELEONORA BIANCHI;GABOTO BIS 22 SAN MARTIN BIS;4728653;50;ROSARIO;-60,63001128;-32,97849957;
3112;Santa Fe;MARIA CECILIA BIANCHINI;ALVAREZ JONTE 717 LISANDRO DE LA TORRE;4724493;31;ROSARIO;-60,68745252;-32,921577;
3113;Santa Fe;ALEJANDRO BIDEGAIN;JUAN MANUEL DE ROSAS 1242 MARTIN;4721425;40;ROSARIO;-60,63252156;-32,95569987;
3114;Santa Fe;ROBERTO CARLOS BIZOZA;REPUBLICA DE IRAK 1500 11 DE JUNIO UNION Y PASAJE 1;4726554;41;ROSARIO;-60,70474728;-32,88913128;
3115;Santa Fe;SILVIA BERNARDITA BLANC;SUCRE 1457 LA REPUBLICA;4724510;19;ROSARIO;-60,69214404;-32,94757143;
3116;Santa Fe;CECILIA BEATRIZ BLANCO;BELGRANO 720 COMBATE DE SAN LORENZO;422701;58;SAN LORENZO;-60,73551523;-32,74925185;
3117;Santa Fe;KARIM DINORAH BLANCO;AYOLAS 580 GENERAL SAN MARTIN;4729723;19;ROSARIO;-60,63860916;-32,98055733;
3118;Santa Fe;EULOGIO BLANCO;CASACUBERTA 8982 FISHERTON R;4727582;54;ROSARIO;-60,76657404;-32,93217783;
3119;Santa Fe;RODRIGO BLAS;PASCO 453 REPUBLICA DE LA SEXTA;4728672;50;ROSARIO;-60,63231312;-32,96352942;
3120;Santa Fe;JUAN GONZALO BLASINA;SAN NICOLAS 1571 ECHESORTU;4724507;22;ROSARIO;-60,6747924;-32,95200051;
3121;Santa Fe;JOSE BOBBA;LAVALLE 2950 SAN FERNANDO;4710368;47;GRANADERO BAIGORRIA;-60,7114458;-32,84399889;
3122;Santa Fe;GABRIEL BOCCARDO;SUIZA 220 INDUSTRIAL;4724511;51;ROSARIO;-60,68770956;-32,92891614;
3123;Santa Fe;DOMINGO BOCCHIARDO;LEANDRO NISCEFORO ALEM 3069 GENERAL SAN MARTIN;4728663;52;ROSARIO;-60,6350844;-32,97712914;
3124;Santa Fe;SONIA STELLA BOCCHINO;AVENIDA SABIN 1199 INDUSTRIAL BIS;4724496;39;ROSARIO;-60,68811708;-32,92230285;
3125;Santa Fe;RAUL HERALDO BODEANT;LARREA BIS 330 EMPALME GRANEROS;4724491;26;ROSARIO;-60,69794904;-32,92734132;
3126;Santa Fe;ALBERTO GUSTAVO BOIX;PEDRO LINO FUNES 1274 AZCUENAGA;4727588;47;ROSARIO;-60,70099896;-32,94532485;
3127;Santa Fe;JOSE FRANCISCO BONAVOTA;GALVEZ 350;428340;43;ARROYO SECO;-60,5560691;-33,1552359;
3128;Santa Fe;JAVIER ISIDRO BOOK;AVENIDA PROVINCIAS UNIDAS 1196 A BELGRANO;4727575;58;ROSARIO;-60,71258196;-32,94366768;
3129;Santa Fe;PURA CONCEPCION BOOK;TUCUMAN 3445 LUIS AGOTE;4724518;46;ROSARIO;-60,66904896;-32,93834472;
3130;Santa Fe;SANDRA BORAGNO;PASAJE PARKER 2493 BELLA VISTA;4725541;42;ROSARIO;-60,67266264;-32,9633604;
3131;Santa Fe;FREDY JOSE BORBA;JUAN B. JUSTO S/N  NASURDI JUAN JUSTO Y JUAREZ CELMAN;420623;58;ARROYO SECO;-60,5560691;-33,1552359;
3132;Santa Fe;JUAN PEDRO BORDABERRY;MORENO 599;426207;49;ARROYO SECO;-60,5560691;-33,1552359;
3133;Santa Fe;GUILLERMO BORDOLI;NICARAGUA 2400 BELGRANO SUR;4727600;56;ROSARIO;-60,7198698;-32,9596443;
3134;Santa Fe;MARIA DEL ROSARIO BORGES;JUJUY 1963 CENTRO;4721444;18;ROSARIO;-60,64793496;-32,93845137;
3135;Santa Fe;MARÍA PATRICIA BORGES;AVENIDA NUESTRA SEÃ?ORA DEL ROSARIO 3655 NUESTRA SEÃ?ORA DEL ROSARIO;4729737;55;ROSARIO;-60,68557476;-33,00348708;
3136;Santa Fe;ROBERTO BORRELLI;BOULEVARD SEGUI BIS 101 SAN MARTIN;4729720;58;ROSARIO;-60,6325896;-32,98396464;
3137;Santa Fe;GUSTAVO BORSARI;CATAMARCA 1093 LOS NARANJOS;4710379;58;GRANADERO BAIGORRIA;-60,6987612;-32,8627233;
3138;Santa Fe;TERESA BORTOLI;MITRE 1648 CENTRO;4721442;53;ROSARIO;-60,64202736;-32,95886967;
3139;Santa Fe;MÓNICA MARIELLA BORTOLI;LA REPUBLICA 2550 EMPALME GRANEROS;4724490;25;ROSARIO;-60,69991176;-32,92070274;
3140;Santa Fe;HUGO RAUL BOSCA;RAVIGNANI S/N FONAVI;4727612;50;ROSARIO;-60,72678936;-32,94469773;
3141;Santa Fe;NELSON BOSCH;AVENIDA GRANDOLI 3402 GENERAL SAN MARTIN;4729681;63;ROSARIO;-60,73245756;-32,88961161;
3142;Santa Fe;MIGUEL ANGEL BRAGA;MALVINAS ARGENTINAS 180 JARDIN;5260010;47;PEREZ;-60,77135;-32,99453;
3143;Santa Fe;ALBERTO BRAUSE;CHILE S/N ESTHER CHILE Y VENEZUELA;429259;31;PUERTO GENERAL SAN MARTIN;-60,7302;-32,69554;
3144;Santa Fe;ALBERTO RAUL BRECCIA;CATAMARCA 586 TALLERES CATAMARCA 582;4961039;48;ROLDAN;-60,90018;-32,90159;
3145;Santa Fe;MIGUEL BRECHNER;PERITO MORENO Y HUDSON  CABIN 9;4956219;33;PEREZ;-60,77135;-32,99453;
3146;Santa Fe;EDUARDO BRENTA;RAFAEL OBLIGADO 400 FONAVI;4923802;57;VILLA GOBERNADOR GALVEZ;-60,61089492;-33,03707094;
3147;Santa Fe;GONZALO BRUM;CONSTITUCION 3270 SAN FRANCISQUITO;4725530;19;ROSARIO;-60,68087532;-32,97135996;
3148;Santa Fe;RAFAEL ENRIQUE BRUM;OVIDIO LAGOS 1064 MACROCENTRO;4724475;59;ROSARIO;-60,6621528;-32,94796914;
3149;Santa Fe;SEBASTIµN BRUN;PASAJE QUINTA BISELLI 5692 FONAVI MODERNO;4725545;25;ROSARIO;-60,69927564;-32,97350736;
3150;Santa Fe;HUMBERTO SALVADOR BRUN;AVENIDA DE LOS TRABAJADORES 1129 SARMIENTO;4724509;32;ROSARIO;-60,68345256;-32,91488019;
3151;Santa Fe;JORGE RICARDO BRUNI;BUENOS AIRES 6025 ROQUE SAENZ PEÃ?A;4729701;21;ROSARIO;-60,64487496;-33,00891903;
3152;Santa Fe;JUAN JOSE BRUNO;HOLMBERG Y BUENOS AIRES  LAS HERAS;4729698;42;ROSARIO;-60,64417872;-32,99588667;
3153;Santa Fe;RAUL CARMELO BRUNO;MONTEVIDEO 6720 BELGRANO;4727599;33;ROSARIO;-60,71274036;-32,94994014;
3154;Santa Fe;ALBERTO GUSTAVO BRUSA;CERRITO 5651 FONAVI PARQUE OESTE;4725542;23;ROSARIO;-60,70010364;-32,95531251;
3155;Santa Fe;LILIANA MA.DEL HUERT BRUSALES;AYALA GAUNA 7849 7 DE SETIEMBRE;4727580;51;ROSARIO;-60,73172604;-32,91476499;
3156;Santa Fe;DANIEL ISIDRO BRUZZONE;AVENIDA PEÃ?ALOZA 570 LA ESPERANZA;4921724;23;VILLA GOBERNADOR GALVEZ;-60,61366116;-33,04212246;
3157;Santa Fe;MARTIN BUENO;PASCUAL ROSAS 866 ECHESORTU OESTE;4724498;47;ROSARIO;-60,68600892;-32,94099;
3158;Santa Fe;CARLOS BUENO;SANTA FE 4828 LUDUEÃ?A;4724508;52;ROSARIO;-60,68870532;-32,93845101;
3159;Santa Fe;PEDRO EMILIO BUONOMO;CHUBUT 1181 PARQUE ALEGRE;4928627;54;VILLA GOBERNADOR GALVEZ;-60,62518044;-33,03606051;
3160;Santa Fe;IRENE BEATRIZ BUQUET;PRESIDENTE ROCA B 5821 SAN MARTIN A;4729717;46;ROSARIO;-60,656175;-33,00791238;
3161;Santa Fe;WALTER HUGO BURELLA;SAENZ 285 CENTRO;4710336;56;GRANADERO BAIGORRIA;-60,70710744;-32,86370646;
3162;Santa Fe;LAURA BURGOA;ITALIA 1244 CENTRO;4721443;26;ROSARIO;-60,64920576;-32,95277703;
3163;Santa Fe;MANUEL BURGOS;BATALLON DE ARSENALES 603 CENTRO NORTE;4918609;47;FRAY LUIS BELTRAN;-60,72270408;-32,79157056;
3164;Santa Fe;JUAN CARLOS BURGOS;PASAJE ANCON 3420 BELLA VISTA;4725544 5544;40;ROSARIO;-60,63957;-32,94402;
3165;Santa Fe;JORGE LUIS BURGOS;BOULEVARD OROÃ?O 3325 LAS QUINTAS;575342;45;SAN LORENZO;-60,73422;-32,75147;
3166;Santa Fe;IRUPE CARMEN BUZZETTI;MENDOZA 7310 BELGRANO;4727597;39;ROSARIO;-60,71980176;-32,9428665;
3167;Santa Fe;LUIS EDUARDO CABRERA;SARMIENTO 307 CENTRO;4721461;45;ROSARIO;-60,63688944;-32,94320643;
3168;Santa Fe;JUAN ANTONIO CABRERA;CONSTITUCION 2040 CINCO ESQUINAS;4725529;42;ROSARIO;-60,67730124;-32,95719495;
3169;Santa Fe;ALICIA CABRERA;CUMPARSITA Y AVELLANEDA S/N BUENA NUEVA (TIO ROLO);4729174/0341 156165212;63;ROSARIO;-60,63957;-32,94402;
3170;Santa Fe;MARINI SOFIA CABRERA;RIOJA 5177 AZCUÃ?NAGA;4727608;21;ROSARIO;-60,6944682;-32,94005265;
3171;Santa Fe;ANA ALICIA CABRERA;CULLEN 2910 VILLA NUEVA;4727583;50;ROSARIO;-60,70810212;-32,96534742;
3172;Santa Fe;MATILDE ISABEL CAIRELLO;CORTADA MOSCONI 982 TALLERES NUEVO;4951460;25;PEREZ;-60,77135;-32,99453;
3173;Santa Fe;;25 DE MAYO 1741 CENTRO;4951110;59;PEREZ;-60,77135;-32,99453;
3174;Santa Fe;ALBERTO ENRIQUE CASAS;PASAJE 4 2221 CORONEL AGUIRRE ENTRE ROSARIO Y LINIERS;4921750;57;VILLA GOBERNADOR GALVEZ;-60,64292772;-33,03131454;
3175;Santa Fe;ALICIA CASAS;BRASSEY 8250 FISHERTON WILDE 260;4727607;40;ROSARIO;-60,74031456;-32,92573023;
3176;Santa Fe;JOSE DOMINGUEZ ;SAN LUIS 5506 AZCUENAGA;4727610;16;ROSARIO;-60,69870792;-32,94201573;
3177;Santa Fe;ANDREA CABRERA;BUENOS AIRES 2027 REPUBLICA DE LA SEXTA;4728621;45;ROSARIO;-60,63647184;-32,96446839;
3178;Santa Fe;MARIA DEL ROSARIO VARELA;DERQUI 7581 FONAVI SUPER CEMENTO;4727584;62;ROSARIO;-60,72484176;-32,94066024;
3179;Santa Fe;ROSARIO DE LEON;CORDOBA 3845 ECHESORTU;4724470;59;ROSARIO;-60,67565928;-32,9420232;
3180;Santa Fe;WALTER ULISES DE LEON;GUIDO SPANO 391 SAN MARTIN;4919004;43;FRAY LUIS BELTRAN;-60,73240104;-32,78342943;
3181;Santa Fe;LEONARDO LEON;ENTRE RIOS 632 CELULOSA;4913369;23;CAPITAN BERMUDEZ;-60,7137228;-32,82370227;
3182;Santa Fe;DANIEL LEON;CAMINO VIEJO A SOLDINI 3023 PUENTE GALLEGO;4729722;22;ROSARIO;-60,67710468;-33,02837028;
3183;Santa Fe;JUAN CARLOS  LEON;CLAVEL 7200 LAS FLORES SUR;4729730;26;ROSARIO;-60,66199296;-33,02392932;
3184;Santa Fe;DANIEL DE LEON;AVENIDA SOLDADO AGUIRRE 1860 CORONEL AGUIRRE;4922957;50;VILLA GOBERNADOR GALVEZ;-60,63783804;-33,03163323;
3185;Santa Fe;HECTOR  LEON;VELEZ SARSFIELD 439 LAS MALVINAS;4724514;57;ROSARIO;-60,66991512;-32,92705638;
3186;Santa Fe;CARLOS ENRIQUE DE LEON;SAN JUAN 3652 ECHESORTU;4724505;21;ROSARIO;-60,67399284;-32,94638955;
3187;Santa Fe;LILA DE LIMA;TEJEDA 2650 JOSE IGNACIO RUCCI-SECTOR OESTE;4726564;17;ROSARIO;-60,71707224;-32,89000284;
3188;Santa Fe;JULIO DE LOS SANTOS;COCHABAMBA 5550 AZCUENAGA;4727595;59;ROSARIO;-60,69855744;-32,95189719;
3189;Santa Fe;FELICIO DE LOS SANTOS;GARAY 750 GENERAL SAN MARTIN;4728657;27;ROSARIO;-60,640551;-32,97780495;
3190;Santa Fe;ROBERTO DE LOS SANTOS;PASAJE ADRIAN 1940 UNION;4726559;44;ROSARIO;-60,70407408;-32,89956246;
3191;Santa Fe;MARIA DEL PINO DE VEGA;AVENIDA SAN MARTIN 2992 ESPAÃ?A Y HOSPITALES;4728620;25;ROSARIO;-60,64300872;-32,97465504;
3192;Santa Fe;VIVIANA AMESTOY;PASAJE SUAREZ 5020 LAS DELICIAS BIS;4729539;26;ROSARIO;-60,66286056;-32,99818302;
3193;Santa Fe;HUGO ALFREDO DEBONE;AYALA GAUNA 8049 7 DE SETIEMBRE;4727579;40;ROSARIO;-60,7364334;-32,91489513;
3194;Santa Fe;ENRIQUE LUIS DECOUD;JUNIN 7157 INDUSTRIAL;4727590;56;ROSARIO;-60,71849604;-32,93004789;
3195;Santa Fe;GABRIEL EDUARDO DEL RIO;BIEDMA 5204 MODERNO;4725528;47;ROSARIO;-60,69370104;-32,97541383;
3196;Santa Fe;AGUSTIN DELEO;RIOBAMBA 5125 BELLA VISTA;4725538;50;ROSARIO;-60,69348576;-32,95633131;
3197;Santa Fe;ALVARO LUIS DELGADO;MARTIN FIERRO 361 LA FLORIDA;4726556;44;ROSARIO;-60,69131784;-32,87905173;
3198;Santa Fe;GUSTAVO RODOLFO DELGADO;ITALIA 2225 EL ABASTO;4728656;57;ROSARIO;-60,65224488;-32,96402451;
3199;Santa Fe;JORGE DELGADO;SOLIS 191 LUDUEÃ?A SUR;4727611;39;ROSARIO;-60,70395348;-32,93197281;
3200;Santa Fe;ADRIANA DI GIOVANNI;MARCOS PAZ 6330 BELGRANO;4727596;58;ROSARIO;-60,70841244;-32,94146322;
3201;Santa Fe;JOSE ENRIQUE DI MARCO;TENIENTE AGNETA 279 GARIBALDI;4916247;56;FRAY LUIS BELTRAN;-60,72516216;-32,80016196;
3202;Santa Fe;JUAN MIGUEL DI RUOCCO;JOSE INGENIEROS 1850 FONAVI OESTE;435466;43;SAN LORENZO;-60,74734045;-32,74233635;
3203;Santa Fe;JUN CARLOS DIANO;GÃ?EMES 495 SANTA RITA;4710367;32;GRANADERO BAIGORRIA;-60,7026906;-32,8417434;
3204;Santa Fe;JUAN JOSE DIAZ;SUIPACHA 3040 MOSCONI;4922900;18;VILLA GOBERNADOR GALVEZ;-60,65266932;-33,03798021;
3205;Santa Fe;FABRICIO GONZALO DIAZ;AVENIDA AVELLANEDA 193 TALLERES BIS;4724477;26;ROSARIO;-60,67665792;-32,93167635;
3206;Santa Fe;ALICIA DIAZ;SALTA 2558 PICHINCHA;4724501;62;ROSARIO;-60,65639892;-32,93835048;
3207;Santa Fe;FRANCIA LIBRE DIAZ;GARZON 4300 TOBA S.O.;155779784;17;ROSARIO;-60,7043088;-32,98372317;
3208;Santa Fe;JOSE GABRIEL DIAZ;MITRE 5360 TIRO SUIZO;4729711;36;ROSARIO;-60,65035848;-33,00245973;
3209;Santa Fe;ALBERTO DIAZ;WARNES 1002 SARMIENTO;4726566;62;ROSARIO;-60,6907872;-32,9076216;
3210;Santa Fe;JORGE GISLENO DIAZ;PELLEGRINI 901 AMERICA;4961264;37;ROLDAN;-60,90018;-32,90159;
3211;Santa Fe;MARIA DELCARMEN DIAZ;JOSE INGENIEROS 3750 EL PALOMAR GARITA 13 BIS;4934000;34;FUNES;-60,8059;-32,91513;
3212;Santa Fe;COSME DAVID DOTI;MARCO AVELLANEDA 277 VILLA DEL PRADO;4912010;45;CAPITAN BERMUDEZ;-60,71751684;-32,83641252;
3213;Santa Fe;MARIA CRISTINA DOTTA;LARRALDE 3305 GODOY;4727593;59;ROSARIO;-60,72608916;-32,97041622;
3214;Santa Fe;LUCIA DOTTI;CASIANO CASAS 1001 PARQUE CASAS;4726551;45;ROSARIO;-60,69797352;-32,90798916;
3215;Santa Fe;ILEANA MARIA DOYENART;AGRELO 1798 ALBERDI;4726558;33;ROSARIO;-60,69048948;-32,89861818;
3216;Santa Fe;ALEJANDRO DRAPER;ZELAYA 2331 ALBERDI;4726567;15;ROSARIO;-60,69688596;-32,89436829;
3217;Santa Fe;ALVARO RICARDO DUARTE;PRESIDENTE PERON 179 CENTRO;4913258;62;CAPITAN BERMUDEZ;-60,71713812;-32,82474951;
3218;Santa Fe;CARLOS PABLO DUARTE;CRISTOBAL COLON 945 VILLA CASSINI;4912002;47;CAPITAN BERMUDEZ;-60,72117696;-32,8150449;
3219;Santa Fe;FREDDY FABIAN DUARTE;LAMADRID 130 ESTEBAN ECHEVARRIA BIS;4634543;37;ROSARIO;-60,62703732;-32,99892741;
3220;Santa Fe;CANDIDO DUARTE;GUTIERREZ S/N LAS HERAS GRANDOLI Y GUTIERREZ;4729682;27;ROSARIO;-60,6286404;-32,99593842;
3221;Santa Fe;MARLENE DUARTE;AVENIDA SAN MARTIN 245 CENTRO;424533;59;PUERTO GENERAL SAN MARTIN;-60,72929;-32,71912;
3222;Santa Fe;SERGIO NICOLAS DUARTE;BOULEVARD OROÃ?O 1381 ISLAS MALVINAS;424958;49;SAN LORENZO;-60,74208182;-32,73630401;
3223;Santa Fe;WALTER LUIS DUARTE;SUPERI 2439 FONAVI - FIELD II;4726562;55;ROSARIO;-60,71421888;-32,89924827;
3224;Santa Fe;GRACIELA SOFIA ECHENIQUE;AVENIDA ALBERDI 942 LISANDRO DE LA TORRE;4724473;63;ROSARIO;-60,6842172;-32,91927768;
3225;Santa Fe;JUAN ARTURO ECHEVARRIA;BUENOS AIRES 6390 DE LA CARNE;4729702;36;ROSARIO;-60,64448796;-33,01289874;
3226;Santa Fe;ADRIANA MARIA ELENA ECHEVARRIA;RAZZORI 3518 CRISTALERIA MONACHINI;4726560;25;ROSARIO;-60,73208064;-32,88591828;
3227;Santa Fe;LEOPOLDO JAVIER ECHEVERRIA;AVENIDA SAN MARTIN 2051 CENTRO (RUTA NAC. NÂ° 11);4710328;50;GRANADERO BAIGORRIA;-60,70561812;-32,85371268;
3228;Santa Fe;DIEGO EWARD ECHEVERRIA;AVENIDA ROSARIO 461 ROQUE SAENZ PEÃ?A;4729689;63;ROSARIO;-60,63937848;-33,00188526;
3229;Santa Fe;ALBA INÉS ECHEVERRY;URIBURU 7500  BAJO HONDO;152012093;50;ROSARIO;-60,71939784;-32,99465646;
3230;Santa Fe;JOSE ECHEVESTE;ALEMANIA 771 DIAZ VELEZ;435463;44;SAN LORENZO;-60,73517515;-32,73297974;
3231;Santa Fe;ELIANA EMBID;JOSE INGENIEROS 8663 STELA MARIS;4727589;54;ROSARIO;-60,75036684;-32,920425;
3232;Santa Fe;MARÍA ELENA EMMENENGGER;LAS HERAS 705 SAN MIGUEL;4710797;25;GRANADERO BAIGORRIA;-60,714657;-32,8643325;
3233;Santa Fe;DANIEL GUSTAVO ERSERGUER;CORRIENTES 570 PUEBLO NUEVO;4921685;48;VILLA GOBERNADOR GALVEZ;-60,61544712;-33,01201071;
3234;Santa Fe;HUGO WALTER LECUONA;LA PAZ 3050 PARQUE;4725537;48;ROSARIO;-60,66928152;-32,96188845;
3235;Santa Fe;MARCELO MARCHESE;RIOBAMBA 7674;4727559;33;ROSARIO;-60,7211626;-32,9548051;
3236;Santa Fe;ALFREDO LORENZO PIRIA;CALLE PUBLICA   CAMPO MATEOS - EX TIMBUES;686600;55;TIMBUES;-60,75895614;-32,63422315;
3237;Santa Fe;DUGLAS ENRIQUE PIRIZ;SARGENTO CABRAL S/N  VILLA LA RIVERA;481050;62;VILLA LA RIVERA;-60,8239586;-32,6387033;
3238;Santa Fe;ERNESTO MARTIN PITETA;PARAJE VICENTE ECHEVERRIA;499172;28;VICENTE A.ECHEVERRIA;-60,842994;-32,8204543;
3239;Santa Fe;EMILIO ENRIQUE PLANCHON;RUTA NRO 18 KM 5;15416855;39;LA CAROLINA;-60,7035545;-33,0759052;
3240;Santa Fe;LUIS POLAKOF;RUTA NRO 18 KM 14   PARAJE EL CARAMELO;492344;46;EL CARMELO;-60,716646;-33,1513042;
3241;Santa Fe;RUBEN PRIETO;ISLA EL ESPINILLO;155052884;50;ISLA EL ESPINILLO;-60,6535097;-32,9178736;
3242;Santa Fe;ADRIANA FATIMA ROCHA;RUTA NACIONAL NRO 11 KM 287  BOUCHARD;435469;46;KILOMETRO 287;-60,73422;-32,75147;
3243;Santa Fe;EDGARDO RODRIGUEZ;VICENTE MEDINA 5694 ESTACION EL GAUCHO ESTACION EL GAUCHO;4729728;65;ESTACION EL GAUCHO;-60,69319668;-33,00659838;
3244;Santa Fe;TERESITA RODRIGUEZ;LOPEZ Y PLANES 482;482011;21;ALDAO;-60,81468577;-32,70120348;
3245;Santa Fe;JORGE RAUL RODRIGUEZ;CEFERINO NAMUNCURA 501;4941116;44;LUIS PALACIOS;-60,90824474;-32,78525978;
3246;Santa Fe;WILFREDO ROJAS;CAMINO MONTE FLORES  ZONA RURAL;492400;42;VILLA AMELIA;-60,63422063;-33,12214807;
3247;Santa Fe;;25 DE MAYO 761;496156;15;PUEBLO ANDINO;-60,87688944;-32,67121012;
3248;Santa Fe;HUMBERTO JULIO;ESTACION MONTE FLORES;492393;34;MONTE FLORES;-60,68133086;-33,10527143;
3249;;DARDO ANGEL SANCHEZ;RUTA PROV. 304 KM. 9 1/2 - LOS GUTIERREZ;0381-4940782;60;;-65,1381391;-26,8001894;
3250;Tucumán;GERARDO FRANCISCO SANCHEZ;CALLE PRINCIPAL S/N  SAN WENCESLAO DELFIN GALLO;;31;ESPERANZA - INCLUYE DELFIN GALLO Y EX INGENIOS ESP;-65,0934058;-26,842768;
3251;Tucumán;Roja, Juan Bautista;PUEYRREDON 949 24 DE SETIEMBRE;0381-4369693;60;SAN MIGUEL DE TUCUMAN;-65,23961599;-26,83712807;
3252;Tucumán;Vega Romero, Remberto;BUENOS AIRES 173  CENTRO;4220113;43;SAN MIGUEL DE TUCUMAN;-65,20705234;-26,83277439;
3253;Tucumán;Bedoya Sandi, Hugo Raul;AV. COLON 521 CIUDADELA;4230519;20;SAN MIGUEL DE TUCUMAN;-65,23511541;-26,83227665;
3254;Tucumán;Bernardos, Gonzalo Esteban;LOS CEIBOS 49;4355109;56;YERBA BUENA - MARCOS PAZ;-65,26474923;-26,81482436;
3255;Tucumán;YAMANDU ALCANTARA;JosÚ Warnes 500 SEOC II Esquina Diagonal Norte;4279736;55;SAN MIGUEL DE TUCUMAN;-65,18061228;-26,80117645;
3256;Tucumán;NILSON ANGEL ALCARRAZ;AV. EVA PERON Y 1º DE JULIO  VILLA LASTENIA;;42;BANDA DEL RIO SALI - INCLUYE LASTENIA;-65,1381697;-26,7997657;
3257;Tucumán;DANIEL ALDECOSEA;AV. REPUBLICA DEL LIBANO 1975 VILLA URQUIZA FRENTE A C??RCEL DE VILLA URQUIZA;4278983;29;SAN MIGUEL DE TUCUMAN;-65,21238083;-26,80227116;
3258;Tucumán;MIGUEL ALEGRETTI;ESPAÑA 2780 JARDIN;4333461;56;SAN MIGUEL DE TUCUMAN;-65,23671631;-26,81147427;
3259;Tucumán;JOSE ANTONIO ALEM;DOMINGO MATHEU 284 VILLA ALEM;4299596;26;SAN MIGUEL DE TUCUMAN;-65,19172854;-26,80077354;
3260;Tucumán;JUAN CARLOS ALFARO;DIAGONAL N°6  ERNESTO PADILLA AV. DR. DALMA Y DIAGONAL N 6;4851247;46;SAN MIGUEL DE TUCUMAN;-65,25592897;-26,80628472;
3261;Tucumán;NESTOR DANIEL ALMADA;Blas Parera 700 VILLA 9 DE JULIO BLAS PARERA 700;0381-4286135;38;SAN MIGUEL DE TUCUMAN;-65,18151977;-26,81441083;
3262;Tucumán;MARIA JIMENA ALONSO;SAAVEDRA LAMAS Y LAS HIGUERITAS 2500 HORCO MOLLE;4254586;36;YERBA BUENA - MARCOS PAZ;-65,30600918;-26,80140583;
3263;Tucumán;MARY CRISTINA ALONSO;Juan Pantalena 0 447 Viviendas Atrás de Barrio El Sol;;53;LAS TALITAS;-65,18074186;-26,77481511;
3264;Tucumán;ROSA M ALPUY;SAN SALVADOR 0 AEROPUERTO RUTA 302 (CRUZ ALTA);;39;BANDA DEL RIO SALI - INCLUYE LASTENIA;-65,1381697;-26,7997657;
3265;Tucumán;RAMIRO ALVAREZ;juan Padros 3000 SMATA II;4395002;25;SAN MIGUEL DE TUCUMAN;-65,24365818;-26,83650988;
3266;Tucumán;LUIS ALVAREZ;AV. BRIGIDO TERAN 679;4211005;39;SAN MIGUEL DE TUCUMAN;-65,19575666;-26,83832837;
3267;Tucumán;JORGE ANTONIO ALVAREZ;BENJAMIN VILLAFAÃ?E 400  BENJAMIN VILLAFAE S/N;4392851;58;EL MANANTIAL;-65,26115307;-26,83451114;
3268;Tucumán;PABLO EMILIANO ALVAREZ;MARINA ALFARO 3100 ALEJANDRO HEREDIA ALT. AV. PASCUAL TARULLI 200;4510030;55;SAN MIGUEL DE TUCUMAN;-65,19410909;-26,84878432;
3269;Tucumán;JUAN MARTIN ALVAREZ;CHILE 3500  MODELO CHILE 3500;4851361;37;SAN MIGUEL DE TUCUMAN;-65,24721858;-26,80543199;
3270;Tucumán;ANALIA ALVAREZ;PJE. BERUTTI 300   ALT. AVDA. ACONQUIJA 2000;0381-4254183;55;YERBA BUENA - MARCOS PAZ;-65,29774441;-26,8089003;
3271;Tucumán;AMERICO ALVEZ;CALLE 1 100;;51;INGENIO SAN PABLO;-65,34711538;-26,88212066;
3272;Tucumán;ANA CAROLINA ALVEZ;LAS HERAS 446 SUR;4-525072;24;SAN MIGUEL DE TUCUMAN;-65,20161326;-26,83769277;
3273;Tucumán;ANDREA AVIAGA;PERÚ 4500 OESTE II;4341414;50;SAN MIGUEL DE TUCUMAN;-65,25690634;-26,80095059;
3274;Tucumán;DARDO AVILA;24 de SEPTIEMBRE 891 CENTRO;4312663;16;SAN MIGUEL DE TUCUMAN;-65,2109506;-26,82961947;
3275;Tucumán;ANA PATRICIA AYALA;FELIX DE OLAZABAL 350 CIUDAD PARQUE SANJUAN 4000;1;15;SAN MIGUEL DE TUCUMAN;-65,25549594;-26,81622148;
3276;Tucumán;HERNANN ERIC AZARETTO;FRANCISCO DE LAPRIDA 339 NORTE;4212667;62;SAN MIGUEL DE TUCUMAN;-65,20129835;-26,8269472;
3277;Tucumán;JOSÉ ALBERTO BACCARO;;0381-4301588;49;SAN MIGUEL DE TUCUMAN;;;
3278;Tucumán;CARLOS RENZO BACCELLI;IGNACIO RUCCI S/N  C.G.T. AYACUCHO E IGNACIO RUCCI;4943831;44;ALDERETES - INCLUYE EL CORTE Y LOS GUTIERREZ;-65,14380782;-26,81645059;
3279;Tucumán;VICTOR BACHMANN;MONSEOR DAVID DIP 88 CALPINI;4613806;60;TAFI VIEJO;-65,25201004;-26,72982686;
3280;Tucumán;RUBEN ANIBAL BACIGALUPE;SAN MARTIN 375 CENTRO;;50;BANDA DEL RIO SALI - INCLUYE LASTENIA;-65,15941615;-26,84025153;
3281;Tucumán;GABRIEL ALEJANDRO BADANO;CONGRESO 860 Villa Mitre;4613926;57;TAFI VIEJO;-65,25834487;-26,74007324;
3282;Tucumán;NINO BAEZ;Pje. ANGEL G. PISARELLO 800 CGT;4510034;21;SAN MIGUEL DE TUCUMAN;-65,22851691;-26,87601573;
3283;Tucumán;;AV. MATE DE LUNA 2041 EL BOSQUE;4238880;16;SAN MIGUEL DE TUCUMAN;-65,22978032;-26,82564126;
3284;Tucumán;HEBERT BAGNOLI;Per y Paysand  Villa Mitre PERU Y PAYSANDU;4613205;53;TAFI VIEJO;-65,26449385;-26,72606862;
3285;Tucumán;LUIS MARIA BAJAC;Necochea y Pje Monserrat  ESTEBAN ECHEVERRIA NECOCHEA Y PJE. MONSERRAT;4851249;53;SAN MIGUEL DE TUCUMAN;-65,23207556;-26,79714001;
3286;Tucumán;GONZALO BALARINI;Bolivia  OESTE II MANZANA H SECTOR II - BOLIVIA 4000;4347121;41;SAN MIGUEL DE TUCUMAN;-65,25186207;-26,80251843;
3287;Tucumán;JUAN DANIEL BALBIS;Castro Barros 1700 KENNEDY CASTRO BARROS 1700;4851237;31;SAN MIGUEL DE TUCUMAN;-65,24322766;-26,80066556;
3288;Tucumán;JOSE ALBERTO BALCALDI;RIVADAVIA 29;4211071/4222410;15;SAN MIGUEL DE TUCUMAN;-65,20114094;-26,83063448;
3289;Tucumán;ADRIANA BALCARCEL;ESPAÃ?A 1755 EL BOSQUE ENTRE CALLES ASUNCION Y SAN MIGUEL AL 900;4333460;20;SAN MIGUEL DE TUCUMAN;-65,22116708;-26,81367304;
3290;Tucumán;DANIEL BERNABE BALDASSARI;AVENIDA  ALEM 3800 LOS CHAÃ?ARITOS AV. ALEM 3800;;39;SAN MIGUEL DE TUCUMAN;-65,22931969;-26,86636584;
3291;Tucumán;WLADIMIR BARQUET;Ruta 301 y Cristo Rey   RUTA 301 Y CALLE CRISTO REY;4393962;19;EL MANANTIAL;-65,26115307;-26,83451114;
3292;Tucumán;MARIA CRISTINA BECEIRO;BUENOS AIRES 4500 INDEPENDENCIA SAN FELIPE;4510033;15;SAN MIGUEL DE TUCUMAN;-65,22411117;-26,88412498;
3293;Tucumán;LILIANA BEATRIZ BERNA;LIBERTAD 660 CIUDADELA;4525071;53;SAN MIGUEL DE TUCUMAN;-65,22554905;-26,83585516;
3294;Tucumán;JUAN PABLO BERNENGO;ESPAÑA 507 NORTE;4216059;54;SAN MIGUEL DE TUCUMAN;-65,20228157;-26,8169399;
3295;Tucumán;FERNANDO BRUM;CASTELLI 2300 ESTEBAN ECHEVERRIA CASTELLI 2300;4344289;48;SAN MIGUEL DE TUCUMAN;-65,22803664;-26,79535378;
3296;Tucumán;FERNANDO BUTTAZZONI;PJE. GRAL. O HIGGINS 1145 El cruce;4-364737;61;SAN MIGUEL DE TUCUMAN;-65,22527672;-26,84293542;
3297;Tucumán;RICHARD OROSMAN CACERES;INDEPENDENCIA 3600 MUTUAL POLICIAL OJO DE AGUA;4395003;46;SAN MIGUEL DE TUCUMAN;-65,25554473;-26,84164321;
3298;Tucumán;MAURICIO DANILO CACERES;CORONEL ZELAYA 1600 EJERCITO ARGENTINO;4360737;32;SAN MIGUEL DE TUCUMAN;-65,24405067;-26,84640941;
3299;Tucumán;ANGEL MANUEL CAL;BELGRANO 351 Barrio Villa Mitre frente a la Plaza Bartolomé  Mitre;4617616;56;TAFI VIEJO;-65,26072898;-26,73379872;
3300;Tucumán;NESTOR CAMPAL;ISABEL LA CATOLICA 3378 VILLA MUÑECAS;4851250;22;SAN MIGUEL DE TUCUMAN;-65,24265169;-26,7919884;
3301;;ANTONIO CARAMBULA;PRINCIPAL S / Nº 0 Bº U.T.A.  A 200 MTS. DE DIAGONAL A TAFI VIEJO Bº 12 de Ju;;24;;-65,25759292;-26,73699922;
3302;Tucumán;FERNANDO RAUL CARDINAL;Rivadavia y Santiago del Estero 501 NORTE RIVADAVIA Y SANTIAGO DEL ESTERO;4-312655;41;SAN MIGUEL DE TUCUMAN;-65,19939368;-26,82507705;
3303;Tucumán;JOSE CARLOS CARDOSO;PERU 577;4312670;16;SAN MIGUEL DE TUCUMAN;-65,20136629;-26,81051213;
3304;Tucumán;GERMAN CARDOSO;PJE LOS LIRIOS S/N 0 I.M.A. PJE. LOS LIRIOS S/N;4931401;41;VILLA CARMELA;-65,26823151;-26,73383391;
3305;Tucumán;SILVIO RICARDO CARDOSO;AV. FRANCISCO SOLANO Y OBISPO COLOMBRE  SOEME AV. SAN FRANCISCO SOLANO Y OBISPO COLOMBRES;4-375149;44;LAS TALITAS;-65,18074186;-26,77481511;
3306;Tucumán;CARLOS CARDOZO;12 0 AMPLIACION VILLA MARIANO MORENO CALLE 12 ENTRE 19 Y 21;4374460;32;LAS TALITAS;-65,18074186;-26,77481511;
3307;Tucumán;GRANDENEL CARDOZO;JUAN JOSE PASO 167 Bº EL BOSQUE;-4321435-7247;61;SAN MIGUEL DE TUCUMAN;-65,23180026;-26,82319713;
3308;Tucumán;MARIA DILIA CARDOZO;RUTA PROVINCIAL 328 KM 8 1/2 50 BELGRANO;4260048;47;BANDA DEL RIO SALI - INCLUYE LASTENIA;-65,15772355;-26,84130928;
3309;Tucumán;JULIO CESAR CARDOZO;AVDA. SANTO CRISTO 1151;4263094;36;BANDA DEL RIO SALI - INCLUYE LASTENIA;-65,15590946;-26,85133592;
3310;Tucumán;BEATRIZ CARNELLI;AV. SAN MARTIN 7  EN DIAGONAL A COMUNA SAN ANDRES;0;23;SAN ANDRES;-65,19792603;-26,90709021;
3311;Tucumán;JAVIER CARRAU;OSVALDO COSTELLO 245 VILLA OBRERA;4613837;41;VILLA OBRERA;-26,73824371;-65,25201214;
3312;Tucumán;FERNANDO CARRAU;AV. MARTIN BERHO 451 VILLA 9 de JULIO;4286136;20;SAN MIGUEL DE TUCUMAN;-65,18615127;-26,81286874;
3313;Tucumán;CHARLES DANIEL CARRERA;RICARDO ROJAS 300 SAN CAYETANO;4291244;63;SAN MIGUEL DE TUCUMAN;-65,19790681;-26,85653686;
3314;Tucumán;JULIO CARRERA;FERNANDO RIERA Y CHACABUCO  AMPLIACION INDEPENDENCIA Bº AMPLIACION INDEPENDENCIA;4941877;41;ALDERETES - INCLUYE EL CORTE Y LOS GUTIERREZ;-65,14273673;-26,82050937;
3315;Tucumán;ERNESTO CARRERAS;EUGENIO MENDEZ 450 VILLA SAN CAYETANO;4245282;53;SAN MIGUEL DE TUCUMAN;-65,19621411;-26,85090662;
3316;Tucumán;LUIS MARIA CARRESSE;PROV. DE CATAMARCA 112;4312652;23;SAN MIGUEL DE TUCUMAN;-65,21267707;-26,82789026;
3317;Tucumán;IVONNE CARRION;MARIANO MORENO 450 SUR;4247639;44;SAN MIGUEL DE TUCUMAN;-65,19948493;-26,83821576;
3318;Tucumán;AGUSTIN JOSE CARRIQUIRY;IDELFONSO DE LAS MUÃ?ECAS 219 CENTRO;4214530/4312738;34;SAN MIGUEL DE TUCUMAN;-65,2037665;-26,82827511;
3319;Tucumán;ANDRES CARRIQUIRY;EMILIO CASTELAR 1903 VIAL I;4278982;25;SAN MIGUEL DE TUCUMAN;-65,2193507;-26,79364882;
3320;Tucumán;GABRIELA NOEMI CASAL;TORNQUIST 601;4269840;56;BANDA DEL RIO SALI - INCLUYE LASTENIA;-65,15235601;-26,86859678;
3321;Tucumán;FEDERICO RAMIRO CASARETTO;JOSE COLOMBRES 286 CENTRO A 50m del Instituto Privado IMEP;4219248;40;SAN MIGUEL DE TUCUMAN;-65,21384444;-26,82615792;
3322;Tucumán;EDUARDO COSTAS;VILLA DEL ROSARIO - SAN PABLO;;17;INGENIO SAN PABLO;-65,30836448;-26,86460284;
3323;Tucumán;MARIO MIGUEL COSTA;BOLIVIA  CAPITAN CANDELARIA BOLIVIA Y PARAGUAY;4269842;52;BANDA DEL RIO SALI - INCLUYE LASTENIA;-65,16521935;-26,83552179;
3324;Tucumán;NESTOR RAUL FARIÑA;;4267183;42;BANDA DEL RIO SALI - INCLUYE LASTENIA;;;
3325;Tucumán;FREDY EMILIO COUSILLAS;AV. BENJAMIN ARAOZ 1087 PATRIA;4220702;40;SAN MIGUEL DE TUCUMAN;-65,1815607;-26,83593707;
3326;Tucumán;FELIX JAVIER COUSILLAS;JULIO PREBISCH 618 LOLA MORA;4205994;61;SAN MIGUEL DE TUCUMAN;-65,18993242;-26,8448826;
3327;Tucumán;LIBER RAMON COUSTARD;RIVADAVIA 2590  1 cuadra antes de la av francisco de aguirre;4276010;17;SAN MIGUEL DE TUCUMAN;-65,19465528;-26,79808992;
3328;Tucumán;MARÍA VICTORIA COUTO;PJE. MAGALLANES 950  ALTURA JUJUY 2100;4291114;36;SAN MIGUEL DE TUCUMAN;-65,21912987;-26,85784591;
3329;Tucumán;JOSE MARIA COYA;ABRAHAM LINCOLN 1451 EJERCITO ARGENTINO;4369696;16;SAN MIGUEL DE TUCUMAN;-65,24875986;-26,84213634;
3330;Tucumán;FRANCISCO CRECSI;OLLEROS 1200 11 DE MARZO OLLEROS 1200 (ALTURA MAGALLANES 1200);4299595;57;SAN MIGUEL DE TUCUMAN;-65,2226671;-26,85806378;
3331;Tucumán;MARIA CRISTINA CRESPO;LAVALLE 3461 BELGRANO;4333464/4232722;21;SAN MIGUEL DE TUCUMAN;-65,25119472;-26,83057727;
3332;Tucumán;GONZALO DE TORO;Av.Presidente Peron 400 Acacias;-4358003;18;YERBA BUENA - MARCOS PAZ;-65,3167;-26,8167;
3333;Tucumán;GRACIELA ECHEGOYEN;SARGENTO CABRAL 576 VILLA MITRE;4-613807;65;TAFI VIEJO;-65,25646941;-26,72545443;
3334;Tucumán;ADRIANA EDELMAN;MARCOS PAZ 1425  PLAZOLETA MITRE;0381-4237147;53;SAN MIGUEL DE TUCUMAN;-65,2167351;-26,81829202;
3335;Tucumán;ISABEL EGUREN;LAPRIDA S/N;4943844;57;ALDERETES - INCLUYE EL CORTE Y LOS GUTIERREZ;-65,1394309;-26,82326217;
3336;Tucumán;PABLO ARTURO EGUREN;AV. ROCA 1444 CIUDADELA;4364217;61;SAN MIGUEL DE TUCUMAN;-65,22216049;-26,84050475;
3337;Tucumán;FEDERICO EGUREN;SALTA Y LARRABURE  PROSPERO MENA SALTA Y LARRABURE;4614415;20;TAFI VIEJO;-65,26275505;-26,74312425;
3338;Tucumán;RICARDO MARIO EHRLICH;Camino al Peru 1600 LOS TARCOS II CAMINO AL PERU 1600;4850301/4851248;52;SAN MIGUEL DE TUCUMAN;-65,25924632;-26,79707567;
3339;Tucumán;LUIS EDUARDO EIREA;MANUELA PEDRAZA S/N 0 PILOTO RUTA 304 - KM. 4 1/2 (LAS HERAS S/N);4943830;36;ALDERETES - INCLUYE EL CORTE Y LOS GUTIERREZ;-65,15529084;-26,82957982;
3340;Tucumán;MARIA LOURDES ERRO;ALVAREZ CONDARCO 50 VILLA 9 DE JULIO;0381-4286134;57;SAN MIGUEL DE TUCUMAN;-65,19312079;-26,81637273;
3341;Tucumán;HILARIO GARCIA;AV. ACONQUIJA 1690;4256546;63;YERBA BUENA - MARCOS PAZ;-65,29331926;-26,81379169;
3342;Tucumán;CARLOS ENRIQUE GARCIA;LA RIOJA 650 SUR;0381-4247555;27;SAN MIGUEL DE TUCUMAN;-65,21579414;-26,8352976;
3343;Tucumán;CARLOS OMAR GARCIA;LA RIOJA 867;4245001;31;SAN MIGUEL DE TUCUMAN;-65,21620089;-26,84118513;
3344;Tucumán;GERARDO NERCELO LICANDRO;SARMIENTO 19  RUTA PROVINCIAL 304  KM. 19;;60;EL CHAÑAR;-65,06944;-26,7568;
3345;Tucumán;JORGE EDUARDO ORTUZ;AV. SAN MARTIN S/N  COLOMBRES AV. SAN MARTIN S/N;4916454;42;COLOMBRES INCLUYE EX INGENIO CRUZ ALTA;-65,10197;-26,89202;
3346;Tucumán;FELIX ALEJANDRO OSINAGA;AV HIPOLITO IRIGOYEN S/Nº  LA VILLA;4922620;16;LA FLORIDA - INCLUYE ESTACION PEDRO G. MENDEZ;-65,09479;-26,81733;
3347;Tucumán;RUBEN OSORIO;AV SANTIAGO GALLO   EX-INGENIO LUJAN;;38;ESPERANZA - INCLUYE DELFIN GALLO Y EX INGENIOS ESP;-65,09165;-26,86034;
3348;Tucumán;CARLOS ROBERTO OTERO;ANTONIO DE ESPINOZA 400  RUTA 301 Y CRISTO REY;4395001;27;;-65,28072495;-26,84918995;
3349;Tucumán;ALFREDO OSCAR GERARD PALMA;CHAÃ?AR VIEJO;1;54;EL CHAÑAR;-65,10023;-26,75528;
3350;Tucumán;;BELGRANO RUTA 9 KM. 1283;;26;SAN ANDRES;-65,1652518;-26,88917507;
3351;Tucumán;JORGE HUGO PASARON;Calle 31 y 4  C.G.T. Villa Mariano Moreno;;51;VILLA MARIANO MORENO;-65,208321;-26,769884;
3352;Tucumán;GRAZIANO PASCALE;ESTADOS UNIDOS 1500 COSTANERA NORTE;4288050;62;SAN MIGUEL DE TUCUMAN;-65,17337;-26,827155;
3353;Tucumán;IVONNE GRAZIELLA PASSADA;CALLE 4 125 VILLA MARIANO MORENO;4370233;44;LAS TALITAS;-65,211046;-26,777051;
3354;Tucumán;MARIA MIRTHA SABINA PIRIZ;Ruta 338 Km 12 1/2   RUTA 338  KM 12 1/2;4316439;19;EL CORTE;-65,3294665;-26,8071568;
3355;Tucumán;ARIEL ALFREDO PISANO;OHUANTA;;47;OHUANTA;-65,2995888;-26,8549194;
3356;Tucumán;NELLY PITTERLY;SIN NOMBRE   RUTA NAC. 9 KM. 1274;1;64;EL CEVILAR;-65,1717506;-26,9697728;
3357;Tucumán;RICARDO MARIO PLANCHON;LOS PORCELES;;64;LOS PORCELES;-65,2018683;-26,9332049;
3358;Tucumán;HECTOR FEDERICO POLLINI;TIMBO NUEVO (SOBRE RUTA 305 KM. 21);;61;TIMBO NUEVO;-65,1227603;-26,7026752;
3359;Tucumán;FERNANDO PORCILE;s/ Nombre   RUTA 9 KM. 1308;;47;LOS NOGALES;-65,2212809;-26,7110264;
3360;Tucumán;MIGUEL ANGEL PORRO;RUTA 318 KM. 24;;39;TIMBO VIEJO;-65,128162;-26,6536836;
3361;Tucumán;ANA MARÍA PORTAS;RUTA 312 - KM. 18;426034;40;ALTA GRACIA;-65,1415319;-26,7339165;
3362;Tucumán;ARIOSTO PORTE;PerÃ? Norte  S / N   NUEVA ESPERANZA;4612930;19;NUEVA ESPERANZA;-65,2671174;-26,7088799;
3363;Tucumán;SILVIA PORTEIRO;EX-INGENIO LULES;;57;EX INGENIO LULES;-65,3401493;-26,9094118;
3364;Tucumán;MARIO PORTILLO;BOCA DEL TIGRE BOCA DEL TIGRE;;16;BOCA DEL TIGRE;-65,1030407;-26,7707283;
3365;Tucumán;DANIELA PORTO;242  CAOADA DE ALZOGARAY;;43;CAÑADA DE ALZOGARAY;-65,0899701;-26,7329983;
3366;Tucumán;JOSE PEDRO PORTO;NUESTRA SRA. DEL ROSARIO   NTRA. SRA. DEL ROSARIO S/N;4619471;50;LA PICADA;-65,2851763;-26,732145;
3367;Tucumán;MARIA  DEL LOURDES PORTO;CAMINO VECINAL (ALTURA KM. 20 - RUTA 304);0;58;TAQUELLO;-65,0671588;-26,7752746;
3368;Tucumán;LUIS ALBERTO PORTO;CURVA DE LOS VEGA (SOBRE RUTA 315 KM. 5);1;23;CURVA DE LOS VEGAS;-65,2696793;-26,7784074;
3369;Tucumán;IVAN ADAN POSADA;Las Salinas   Gruta Ntra Sra del Rosario de San Nicolás LAS SALINAS;;27;LAS SALINAS;-65,1453915;-26,7171675;
3370;Tucumán;JULIO ALFREDO POSADA;EL CADILLAL- RIO LORO;;51;EL CADILLAL;-65,1925982;-26,6363787;
3371;Tucumán;ROSSANA CORINA POSE;Ruta N 304 - Gral San Martin Km 13   LAS PIEDRITAS;;61;LAS PIEDRITAS;-65,1210663;-26,784205;
3372;Tucumán;RICARDO PRATO;KM. 1277 RUTA NAC. N 9;;34;BAJO GRANDE;-65,1617206;-26,9373171;
3373;Tucumán;SUSANA MARTHA PUGA;ESTACION EL CADILLAL;;23;EL CADILLAL;-65,25072209;-26,67297207;
3374;Tucumán;HOMERO ANIBAL RIVERO;24 DE SETIEMBRE Y NTRA SRA DEL PILAR  PUNTA DEL MONTE Ubicada a 200mts de 2da entrada a San Pablo por ruta 301;4917835;46;PUNTA DEL MONTE;-65,32178401;-26,89406721;
3375;Tucumán;LUIS EDUARDO RIVERO;Alt. Francisco de Aguirre 2200 Policial;;49;LOS POCITOS;-65,2333398;-26,75630886;
3376;Tucumán;DORA LYLIAN ROBAINA;JOSE HERNANDEZ 250;4279211;41;EL COLMENAR (VILLA MARIANO MORENO);-65,1833;-26,7833;
3377;Tucumán;RICARDO MARIA ROBAINA;CAMINO A VILLA MUÃ?ECAS   LOS POCITOS (RUTA PROV. 314 KM. 3);4612935;44;LOS POCITOS;-65,23334;-26,75631;
3378;Tucumán;JUAN ANDRES ROBALLO;81 y 12  GRAFICO II arsenal  M de Azcuenaga;;32;ARSENAL MIGUEL DE AZCUENAGA;-65,20377329;-26,77872415;
3379;Tucumán;GABRIELA ROBERTI;AV. WILLIAMS CROSS 3201 EL COLMENAR;4277828;62;EL COLMENAR (VILLA MARIANO MORENO);-65,1833;-26,7833;
3380;Tucumán;AMERICO ROCCO;RUTA 315- km 7.5- 0 San Juan Bautista Al frente del BºEl Mirador de Shoenstat y del Sant;;50;CEVIL REDONDO;-65,28318051;-26,78329344;
3381;Tucumán;NELSON VLADIMIR RODRIGUEZ;JAVIER LOPEZ 297 DIAGONAL NORTE;4373749;50;BARRIO LOS POCITOS (LAS TALITAS);-65,23430379;-26,75491961;
3382;Tucumán;ELINA SYLVIA RODRIGUEZ;Campaña del Desierto esq. Iramain 0 Policial II;4374181;36;LOS POCITOS;-65,2333398;-26,75630886;
3383;Tucumán;JAVIER RUBI RODRIGUEZ;RUTA 340 KM 2 1/2   RUTA 340 KM. 2 1/2;4929110;64;SAN JAVIER;-65,35874;-26,78691;
3384;Tucumán;MIGUEL RAMON RODRIGUEZ;RUTA 157 - KM 12   LOS AGUIRRE (SOBRE RUTA 157 - KM. 12);;45;LOS AGUIRRE;-65,23332927;-26,90608137;
3385;Tucumán;ISABEL RODRIGUEZ;SAN MIGUEL;4235504;19;SAN MIGUEL;-65,12364;-26,91851;
3386;Tucumán;EDUARDO MARIANO RODRIGUEZ;Sin nombre   CENTRO UNIVERSITARIO HORCO MOLLE;;46;CENTRO UNIVERSITARIO HORCO MOLLE;-65,32604;-26,78883;
3387;;RAMON HEBER RODRIGUEZ;Ruta 157 - Km. 1244   FINCA SANTA BARBARA;;57;;-65,25511441;-26,93274127;
3388;Tucumán;FRANCI JOSE RODRIGUEZ;CAMINO VECINAL   LA RINCONADA;4254487;32;LA RINCONADA;-65,31412014;-26,83496968;
3389;Tucumán;PEDRO RODRIGUEZ;Camino Vecinal   PUENTE EL MANANTIAL;154404158;23;PUENTE EL MANANTIAL;-65,2692;-26,92307;
3390;Tucumán;NELLY MARIA RODRIGUEZ;TAPIA;;55;TAPIA/TAPIAS;-65,27813704;-26,59496346;
3391;Tucumán;EDUARDO RODRIGUEZ;RUTA 302 KM 17   RUTA 302 - KM. 17 (CRUZ DEL NORTE);0;42;ESTACION CRUZ DEL NORTE;-65,127;-26,88959;
3392;Tucumán;GILBERTO RODRIGUEZ;Ruta provincial N 321   LAS CORZUELAS (SOBRE RUTA 321);1;27;LAS CORZUELAS;-65,04629;-26,7066;
3393;Tucumán;CARLOS RODRIGUEZ;INTERSECCION DE RUTA 302 Y RUTA 303   CEVIL POZO;;47;CEVIL POZO;-65,12602;-26,85468;
3394;Tucumán;;EL DURAZNITO;;40;EL DURAZNITO/DURAZNITO;-65,18277;-26,67213;
3395;Tucumán;MILTON DANTE RODRIGUEZ;camino vecinal  sin barrio POZO DEL ALTO;;43;POZO DEL ALTO;-65,14492;-26,8927;
3396;Tucumán;MATIAS RODRIGUEZ;LABOLSA- LULES;155461889;30;LA BOLSA;-65,29987;-26,9335;
3397;Tucumán;;CARBON POZO;;57;CARBON POZO;-65,139595;-26,956825;
3398;Tucumán;LILIAN OLGA RODRIGUEZ;EX RUTA NÂº 305   LA AGUADITA;;30;LA AGUADITA;-65,16460349;-26,73539409;
3399;Tucumán;MANUEL ANGEL RODRIGUEZ;LOS VILLAGRA;;63;LOS VILLAGRAS;-65,21041;-26,95985;
3400;Tucumán;ALVARO ROLAND;ruta 340 km13   VALLE DE SAN JAVIER;;59;SAN JAVIER;-65,38600252;-26,75776387;
3401;Tucumán;MARIA EUGENIA ROLLA;Ruta Nac 312 - Km 6 1/2   COLONIA 4;155-112840;40;COLONIAS 1 A 11-LUISIANA;-65,07931;-26,80705;
3402;Tucumán;;MORENO Y PASAJE URQUIZA   EX INGENIO MERCEDES;1;60;EX INGENIO MERCEDES;-65,3325637;-26,93333656;
3403;Tucumán;EDMUNDO ROSELLI;CAMINO DE LAS LANZAS Y SAN MARTIN;;64;CAÑADA DE YERBA BUENA;-65,29680051;-26,83245101;
3404;Tucumán;GERARDO MANUEL ROSENDO;RUTA 306- KM. 07   PACARA PINTADO;;26;PACARA PINTADO;-65,18110662;-26,88221206;
3405;Tucumán;JOSE LUIS RUOCCO;EL TALAR;4301318;21;EL TALAR;-65,1085172;-26,8029631;
3406;Tucumán;ANA MARIA SALVERAGLIO;GRAL. SAN MARTIN MANZANA 3;;62;LOS NOGALES;-65,21873663;-26,71292182;
3407;Tucumán;;VILLA NOUGUES;;31;VILLA NOUGUES;-65,38137;-26,85717;
